source_class_uri,target_class_uri,semantic_relation,similarity_score,justification
http://dbkwik.webdatacommons.org/starwars.wikia.com/resource/Dorrick,http://dbkwik.webdatacommons.org/swtor.wikia.com/resource/Dorrick,equivalent,0.6678409,Match based on Embeddings
http://dbkwik.webdatacommons.org/starwars.wikia.com/resource/Oteg,http://dbkwik.webdatacommons.org/swtor.wikia.com/resource/Oteg,equivalent,0.65365446,Match based on Embeddings
http://dbkwik.webdatacommons.org/starwars.wikia.com/resource/Voren_Renstaal%27s_Jedi_Master,http://dbkwik.webdatacommons.org/swtor.wikia.com/resource/Voren_Renstaal%27s_Jedi_Master,equivalent,0.6875082,Match based on Embeddings
http://dbkwik.webdatacommons.org/starwars.wikia.com/resource/Ortosin,http://dbkwik.webdatacommons.org/swtor.wikia.com/resource/Ortosin,equivalent,0.6665982,Match based on Embeddings
http://dbkwik.webdatacommons.org/starwars.wikia.com/resource/Nadia_Grell,http://dbkwik.webdatacommons.org/swtor.wikia.com/resource/Nadia_Grell,equivalent,0.65966153,Match based on Embeddings
http://dbkwik.webdatacommons.org/starwars.wikia.com/resource/Battle_of_Corbos,http://dbkwik.webdatacommons.org/swtor.wikia.com/resource/Battle_of_Corbos,equivalent,0.6723911,Match based on Embeddings
http://dbkwik.webdatacommons.org/starwars.wikia.com/resource/Muir,http://dbkwik.webdatacommons.org/swtor.wikia.com/resource/Muir,equivalent,0.66332674,Match based on Embeddings
http://dbkwik.webdatacommons.org/starwars.wikia.com/resource/Darth_Baras,http://dbkwik.webdatacommons.org/swtor.wikia.com/resource/Darth_Baras,equivalent,0.6800961,Match based on Embeddings
http://dbkwik.webdatacommons.org/starwars.wikia.com/resource/Force_healing,http://dbkwik.webdatacommons.org/swtor.wikia.com/resource/Force_healing,equivalent,0.681961,Match based on Embeddings
http://dbkwik.webdatacommons.org/starwars.wikia.com/resource/Watcher_Three,http://dbkwik.webdatacommons.org/swtor.wikia.com/resource/Watcher_Three,equivalent,0.6683242,Match based on Embeddings
http://dbkwik.webdatacommons.org/starwars.wikia.com/resource/Katarr,http://dbkwik.webdatacommons.org/swtor.wikia.com/resource/Katarr,equivalent,0.6649253,Match based on Embeddings
http://dbkwik.webdatacommons.org/starwars.wikia.com/resource/Pecto,http://dbkwik.webdatacommons.org/swtor.wikia.com/resource/Pecto,equivalent,0.6573362,Match based on Embeddings
http://dbkwik.webdatacommons.org/starwars.wikia.com/resource/Unidentified_Human_Jedi_(First_Jedi_Purge),http://dbkwik.webdatacommons.org/swtor.wikia.com/resource/Unidentified_Human_Jedi_(First_Jedi_Purge),equivalent,0.69319654,Match based on Embeddings
http://dbkwik.webdatacommons.org/starwars.wikia.com/resource/Star_Map,http://dbkwik.webdatacommons.org/swtor.wikia.com/resource/Star_Maps,equivalent,0.6608459,Match based on Embeddings
http://dbkwik.webdatacommons.org/starwars.wikia.com/resource/DN-314_Tunneler,http://dbkwik.webdatacommons.org/swtor.wikia.com/resource/DN-314_Tunneler,equivalent,0.6617884,Match based on Embeddings
http://dbkwik.webdatacommons.org/starwars.wikia.com/resource/HK-47,http://dbkwik.webdatacommons.org/swtor.wikia.com/resource/HK-47,equivalent,0.66065216,Match based on Embeddings
http://dbkwik.webdatacommons.org/starwars.wikia.com/resource/Galactic_Solutions_Industries,http://dbkwik.webdatacommons.org/swtor.wikia.com/resource/Galactic_Solutions_Industries,equivalent,0.67606,Match based on Embeddings
http://dbkwik.webdatacommons.org/starwars.wikia.com/resource/Yollo,http://dbkwik.webdatacommons.org/swtor.wikia.com/resource/Yollo,equivalent,0.6622662,Match based on Embeddings
http://dbkwik.webdatacommons.org/starwars.wikia.com/resource/Wud_Mortull,http://dbkwik.webdatacommons.org/swtor.wikia.com/resource/Wud_Mortull,equivalent,0.67068523,Match based on Embeddings
http://dbkwik.webdatacommons.org/starwars.wikia.com/resource/Fortitude-class_assault_shuttle,http://dbkwik.webdatacommons.org/swtor.wikia.com/resource/Fortitude-class_assault_shuttle,equivalent,0.68282163,Match based on Embeddings
http://dbkwik.webdatacommons.org/starwars.wikia.com/resource/Jorak_Uln,http://dbkwik.webdatacommons.org/swtor.wikia.com/resource/Jorak_Uln,equivalent,0.66350305,Match based on Embeddings
http://dbkwik.webdatacommons.org/starwars.wikia.com/property/previous,http://dbkwik.webdatacommons.org/swtor.wikia.com/property/previous,equivalent,0.66719866,Match based on Embeddings
http://dbkwik.webdatacommons.org/starwars.wikia.com/resource/Eagle,http://dbkwik.webdatacommons.org/swtor.wikia.com/resource/The_Eagle,equivalent,0.65146077,Match based on Embeddings
http://dbkwik.webdatacommons.org/starwars.wikia.com/resource/Andronikos_Revel,http://dbkwik.webdatacommons.org/swtor.wikia.com/resource/Andronikos_Revel,equivalent,0.6628248,Match based on Embeddings
http://dbkwik.webdatacommons.org/starwars.wikia.com/resource/Akaavi_Spar,http://dbkwik.webdatacommons.org/swtor.wikia.com/resource/Akaavi_Spar,equivalent,0.6673882,Match based on Embeddings
http://dbkwik.webdatacommons.org/starwars.wikia.com/resource/Vomba,http://dbkwik.webdatacommons.org/swtor.wikia.com/resource/Vomba,equivalent,0.6639442,Match based on Embeddings
http://dbkwik.webdatacommons.org/starwars.wikia.com/resource/Selkath/Legends,http://dbkwik.webdatacommons.org/swtor.wikia.com/resource/Selkath,equivalent,0.6138868,Match based on Embeddings
http://dbkwik.webdatacommons.org/starwars.wikia.com/resource/Till%27in,http://dbkwik.webdatacommons.org/swtor.wikia.com/resource/Till%27in,equivalent,0.66172,Match based on Embeddings
http://dbkwik.webdatacommons.org/starwars.wikia.com/resource/C86,http://dbkwik.webdatacommons.org/swtor.wikia.com/resource/C86,equivalent,0.66243637,Match based on Embeddings
http://dbkwik.webdatacommons.org/starwars.wikia.com/resource/Rhon_Jun%27yon,http://dbkwik.webdatacommons.org/swtor.wikia.com/resource/Rhon_Jun%27yon,equivalent,0.6613342,Match based on Embeddings
http://dbkwik.webdatacommons.org/starwars.wikia.com/resource/Barrison_Draay,http://dbkwik.webdatacommons.org/swtor.wikia.com/resource/Barrison_Draay,equivalent,0.66428596,Match based on Embeddings
http://dbkwik.webdatacommons.org/starwars.wikia.com/resource/Carrick_Station,http://dbkwik.webdatacommons.org/swtor.wikia.com/resource/Carrick_Station,equivalent,0.66516274,Match based on Embeddings
http://dbkwik.webdatacommons.org/starwars.wikia.com/resource/Khomo_Fett,http://dbkwik.webdatacommons.org/swtor.wikia.com/resource/Khomo_Fett,equivalent,0.68275946,Match based on Embeddings
http://dbkwik.webdatacommons.org/starwars.wikia.com/resource/Mennaus,http://dbkwik.webdatacommons.org/swtor.wikia.com/resource/Mennaus,equivalent,0.6626055,Match based on Embeddings
http://dbkwik.webdatacommons.org/starwars.wikia.com/resource/Ilum,http://dbkwik.webdatacommons.org/swtor.wikia.com/resource/Ilum,equivalent,0.6582399,Match based on Embeddings
http://dbkwik.webdatacommons.org/starwars.wikia.com/resource/Lana_Beniko,http://dbkwik.webdatacommons.org/swtor.wikia.com/resource/Lana_Beniko,equivalent,0.663962,Match based on Embeddings
http://dbkwik.webdatacommons.org/starwars.wikia.com/resource/General,http://dbkwik.webdatacommons.org/swtor.wikia.com/resource/General,equivalent,0.6571039,Match based on Embeddings
http://dbkwik.webdatacommons.org/starwars.wikia.com/resource/Halbret,http://dbkwik.webdatacommons.org/swtor.wikia.com/resource/Halbret,equivalent,0.661201,Match based on Embeddings
http://dbkwik.webdatacommons.org/starwars.wikia.com/resource/Jeral_Vesk,http://dbkwik.webdatacommons.org/swtor.wikia.com/resource/Jeral_Vesk,equivalent,0.6631927,Match based on Embeddings
http://dbkwik.webdatacommons.org/starwars.wikia.com/resource/Force_Jump,http://dbkwik.webdatacommons.org/swtor.wikia.com/resource/Force_Jump,equivalent,0.6728257,Match based on Embeddings
http://dbkwik.webdatacommons.org/starwars.wikia.com/resource/Eldo,http://dbkwik.webdatacommons.org/swtor.wikia.com/resource/Eldo,equivalent,0.65958947,Match based on Embeddings
http://dbkwik.webdatacommons.org/starwars.wikia.com/resource/Vaylin,http://dbkwik.webdatacommons.org/swtor.wikia.com/resource/Vaylin,equivalent,0.66234547,Match based on Embeddings
http://dbkwik.webdatacommons.org/starwars.wikia.com/resource/Keikana_Herot,http://dbkwik.webdatacommons.org/swtor.wikia.com/resource/Keikana_Herot,equivalent,0.65704787,Match based on Embeddings
http://dbkwik.webdatacommons.org/starwars.wikia.com/resource/Kreshan,http://dbkwik.webdatacommons.org/swtor.wikia.com/resource/Battlelord_Kreshan,equivalent,0.626462,Match based on Embeddings
http://dbkwik.webdatacommons.org/starwars.wikia.com/resource/Karagga%27s_Palace,http://dbkwik.webdatacommons.org/swtor.wikia.com/resource/Karagga%27s_Palace,equivalent,0.6594019,Match based on Embeddings
http://dbkwik.webdatacommons.org/starwars.wikia.com/resource/Odan-Urr%27s_courier,http://dbkwik.webdatacommons.org/swtor.wikia.com/resource/Odan-Urr%27s_Courier,equivalent,0.6707429,Match based on Embeddings
http://dbkwik.webdatacommons.org/starwars.wikia.com/resource/Iraida,http://dbkwik.webdatacommons.org/swtor.wikia.com/resource/Lraida,equivalent,0.5905932,Match based on Embeddings
http://dbkwik.webdatacommons.org/starwars.wikia.com/resource/Ottau,http://dbkwik.webdatacommons.org/swtor.wikia.com/resource/Ottau,equivalent,0.6601697,Match based on Embeddings
http://dbkwik.webdatacommons.org/starwars.wikia.com/resource/Glort,http://dbkwik.webdatacommons.org/swtor.wikia.com/resource/Glort,equivalent,0.66206497,Match based on Embeddings
http://dbkwik.webdatacommons.org/starwars.wikia.com/resource/Zaalbar,http://dbkwik.webdatacommons.org/swtor.wikia.com/resource/Zaalbar,equivalent,0.665168,Match based on Embeddings
http://dbkwik.webdatacommons.org/starwars.wikia.com/resource/Khun_Tazith,http://dbkwik.webdatacommons.org/swtor.wikia.com/resource/Khun_Tazith,equivalent,0.66229355,Match based on Embeddings
http://dbkwik.webdatacommons.org/starwars.wikia.com/resource/Mandalore_the_Vindicated,http://dbkwik.webdatacommons.org/swtor.wikia.com/resource/Mandalore_the_Ultimate,equivalent,0.5669,"The similarity score is high, and the target class 'Mandalore the Ultimate' is semantically equivalent to the source class 'Mandalore the Vindicated', as both refer to a specific character in the Star Wars universe."
http://dbkwik.webdatacommons.org/starwars.wikia.com/resource/Zabrak/Legends,http://dbkwik.webdatacommons.org/swtor.wikia.com/resource/Zabrak,equivalent,0.6330586,Match based on Embeddings
http://dbkwik.webdatacommons.org/starwars.wikia.com/resource/Vorin,http://dbkwik.webdatacommons.org/swtor.wikia.com/resource/Vorin,equivalent,0.66447353,Match based on Embeddings
http://dbkwik.webdatacommons.org/starwars.wikia.com/resource/Dominus,http://dbkwik.webdatacommons.org/swtor.wikia.com/resource/Dominus,equivalent,0.66723603,Match based on Embeddings
http://dbkwik.webdatacommons.org/starwars.wikia.com/resource/House_Panteer,http://dbkwik.webdatacommons.org/swtor.wikia.com/resource/House_Panteer,equivalent,0.6687104,Match based on Embeddings
http://dbkwik.webdatacommons.org/starwars.wikia.com/resource/Shian,http://dbkwik.webdatacommons.org/swtor.wikia.com/resource/Shian,equivalent,0.6679107,Match based on Embeddings
http://dbkwik.webdatacommons.org/starwars.wikia.com/resource/Unidentified_Sith_Knight,http://dbkwik.webdatacommons.org/swtor.wikia.com/resource/Unidentified_Sith_Knight,equivalent,0.68949544,Match based on Embeddings
http://dbkwik.webdatacommons.org/starwars.wikia.com/resource/Tion_Hegemony,http://dbkwik.webdatacommons.org/swtor.wikia.com/resource/Modern_Tion_Hegemony,equivalent,0.6209317,Match based on Embeddings
http://dbkwik.webdatacommons.org/starwars.wikia.com/resource/Harbinger_(Hammerhead-class),http://dbkwik.webdatacommons.org/swtor.wikia.com/resource/Harbinger_(cruiser),equivalent,0.60490125,Match based on Embeddings
http://dbkwik.webdatacommons.org/starwars.wikia.com/resource/Krynda_Draay,http://dbkwik.webdatacommons.org/swtor.wikia.com/resource/Krynda_Draay,equivalent,0.66915935,Match based on Embeddings
http://dbkwik.webdatacommons.org/starwars.wikia.com/resource/Corruptor_Zero,http://dbkwik.webdatacommons.org/swtor.wikia.com/resource/Corruptor_Zero,equivalent,0.6655211,Match based on Embeddings
http://dbkwik.webdatacommons.org/starwars.wikia.com/resource/Victor_Rist,http://dbkwik.webdatacommons.org/swtor.wikia.com/resource/Darth_Rivan,equivalent,0.5707,"Although the similarity score is not extremely high, the semantic fit between the contexts is strong. Both Victor Rist and Darth Rivan are characters in the Star Wars universe, and the similarity score suggests a strong connection between the two. Given the contextual similarity, I believe this match is the most appropriate, even if the score is not the highest."
http://dbkwik.webdatacommons.org/starwars.wikia.com/resource/Hutt,http://dbkwik.webdatacommons.org/swtor.wikia.com/resource/Hutt,equivalent,0.67196244,Match based on Embeddings
http://dbkwik.webdatacommons.org/starwars.wikia.com/resource/Jon_(farmer),http://dbkwik.webdatacommons.org/swtor.wikia.com/resource/Jon,equivalent,0.6121495,Match based on Embeddings
http://dbkwik.webdatacommons.org/starwars.wikia.com/resource/Imperial_military_transport,http://dbkwik.webdatacommons.org/swtor.wikia.com/resource/Imperial_Military_transport,equivalent,0.68658966,Match based on Embeddings
http://dbkwik.webdatacommons.org/starwars.wikia.com/resource/Blotus,http://dbkwik.webdatacommons.org/swtor.wikia.com/resource/Blotus,equivalent,0.66739625,Match based on Embeddings
http://dbkwik.webdatacommons.org/starwars.wikia.com/resource/Shaadlar-type_troopship,http://dbkwik.webdatacommons.org/swtor.wikia.com/resource/Shaadlar-type_troopship,equivalent,0.6860784,Match based on Embeddings
http://dbkwik.webdatacommons.org/starwars.wikia.com/property/capital,http://dbkwik.webdatacommons.org/swtor.wikia.com/property/capital,equivalent,0.6656007,Match based on Embeddings
http://dbkwik.webdatacommons.org/starwars.wikia.com/class/weapon,http://dbkwik.webdatacommons.org/swtor.wikia.com/class/weapon,equivalent,0.6662358,Match based on Embeddings
http://dbkwik.webdatacommons.org/starwars.wikia.com/resource/Great_Sith_War,http://dbkwik.webdatacommons.org/swtor.wikia.com/resource/Great_Sith_War,equivalent,0.69222116,Match based on Embeddings
http://dbkwik.webdatacommons.org/starwars.wikia.com/resource/Jedi_Watchman,http://dbkwik.webdatacommons.org/swtor.wikia.com/resource/Jedi_Watchman,equivalent,0.6821926,Match based on Embeddings
http://dbkwik.webdatacommons.org/starwars.wikia.com/resource/Hammer_Station,http://dbkwik.webdatacommons.org/swtor.wikia.com/resource/Hammer_Station,equivalent,0.6726511,Match based on Embeddings
http://dbkwik.webdatacommons.org/starwars.wikia.com/resource/Harkun,http://dbkwik.webdatacommons.org/swtor.wikia.com/resource/Harkun,equivalent,0.6641505,Match based on Embeddings
http://dbkwik.webdatacommons.org/starwars.wikia.com/resource/Plan_Zero,http://dbkwik.webdatacommons.org/swtor.wikia.com/resource/Plan_Zero,equivalent,0.66672987,Match based on Embeddings
http://dbkwik.webdatacommons.org/starwars.wikia.com/resource/Ryleah,http://dbkwik.webdatacommons.org/swtor.wikia.com/resource/Ryleah,equivalent,0.6648814,Match based on Embeddings
http://dbkwik.webdatacommons.org/starwars.wikia.com/property/masters,http://dbkwik.webdatacommons.org/swtor.wikia.com/property/master,equivalent,0.62001646,Match based on Embeddings
http://dbkwik.webdatacommons.org/starwars.wikia.com/resource/Core_Worlds,http://dbkwik.webdatacommons.org/swtor.wikia.com/resource/Core_Worlds,equivalent,0.6688657,Match based on Embeddings
http://dbkwik.webdatacommons.org/starwars.wikia.com/resource/Minst,http://dbkwik.webdatacommons.org/swtor.wikia.com/resource/Minst,equivalent,0.65891266,Match based on Embeddings
http://dbkwik.webdatacommons.org/starwars.wikia.com/resource/Darth,http://dbkwik.webdatacommons.org/swtor.wikia.com/resource/Darth,equivalent,0.6792922,Match based on Embeddings
http://dbkwik.webdatacommons.org/starwars.wikia.com/resource/Sidrona_Diath,http://dbkwik.webdatacommons.org/swtor.wikia.com/resource/Sidrona_Diath,equivalent,0.6680616,Match based on Embeddings
http://dbkwik.webdatacommons.org/starwars.wikia.com/resource/Quilljayk,http://dbkwik.webdatacommons.org/swtor.wikia.com/resource/Quilljayk,equivalent,0.66392654,Match based on Embeddings
http://dbkwik.webdatacommons.org/starwars.wikia.com/resource/Vehement_Sword,http://dbkwik.webdatacommons.org/swtor.wikia.com/resource/Vehement_Sword,equivalent,0.67307764,Match based on Embeddings
http://dbkwik.webdatacommons.org/starwars.wikia.com/resource/Manaan,http://dbkwik.webdatacommons.org/swtor.wikia.com/resource/Manaan,equivalent,0.65775424,Match based on Embeddings
http://dbkwik.webdatacommons.org/starwars.wikia.com/property/type,http://dbkwik.webdatacommons.org/swtor.wikia.com/property/type,equivalent,0.66227597,Match based on Embeddings
http://dbkwik.webdatacommons.org/starwars.wikia.com/property/eyes,http://dbkwik.webdatacommons.org/swtor.wikia.com/property/eyes,equivalent,0.66202927,Match based on Embeddings
http://dbkwik.webdatacommons.org/starwars.wikia.com/resource/Tremel,http://dbkwik.webdatacommons.org/swtor.wikia.com/resource/Tremel,equivalent,0.6645933,Match based on Embeddings
http://dbkwik.webdatacommons.org/starwars.wikia.com/resource/Unidentified_Padawan_(Vandar_Tokare),http://dbkwik.webdatacommons.org/swtor.wikia.com/resource/Unidentified_Padawan_(Vandar_Tokare),equivalent,0.6858356,Match based on Embeddings
http://dbkwik.webdatacommons.org/starwars.wikia.com/resource/Brotherhood_of_the_Sith,http://dbkwik.webdatacommons.org/swtor.wikia.com/resource/Brotherhood_of_the_Sith,equivalent,0.68993634,Match based on Embeddings
http://dbkwik.webdatacommons.org/starwars.wikia.com/resource/Galen_Besk,http://dbkwik.webdatacommons.org/swtor.wikia.com/resource/Galen_Besk,equivalent,0.6667707,Match based on Embeddings
http://dbkwik.webdatacommons.org/starwars.wikia.com/resource/Spanios,http://dbkwik.webdatacommons.org/swtor.wikia.com/resource/Spanios,equivalent,0.6595296,Match based on Embeddings
http://dbkwik.webdatacommons.org/starwars.wikia.com/resource/Huttball,http://dbkwik.webdatacommons.org/swtor.wikia.com/resource/Huttball,equivalent,0.6723383,Match based on Embeddings
http://dbkwik.webdatacommons.org/starwars.wikia.com/resource/Sherruk,http://dbkwik.webdatacommons.org/swtor.wikia.com/resource/Sherruk,equivalent,0.6646911,Match based on Embeddings
http://dbkwik.webdatacommons.org/starwars.wikia.com/resource/Moon,http://dbkwik.webdatacommons.org/swtor.wikia.com/resource/Moon,equivalent,0.6671858,Match based on Embeddings
http://dbkwik.webdatacommons.org/starwars.wikia.com/resource/Dantooine_Jedi_Enclave_Council,http://dbkwik.webdatacommons.org/swtor.wikia.com/resource/Dantooine_Jedi_Enclave_Council,equivalent,0.69340485,Match based on Embeddings
http://dbkwik.webdatacommons.org/starwars.wikia.com/resource/Kom_Orda,http://dbkwik.webdatacommons.org/swtor.wikia.com/resource/Kom_Orda,equivalent,0.66436833,Match based on Embeddings
http://dbkwik.webdatacommons.org/starwars.wikia.com/property/dramatisPersonae,http://dbkwik.webdatacommons.org/swtor.wikia.com/property/dramatisPersonae,equivalent,0.6722249,Match based on Embeddings
http://dbkwik.webdatacommons.org/starwars.wikia.com/resource/Mandalore_the_Avenger,http://dbkwik.webdatacommons.org/swtor.wikia.com/resource/Mandalore_the_Ultimate,equivalent,0.5948,"The similarity score is high, and the target class label 'Mandalore the Ultimate' is semantically very close to the source class label 'Mandalore the Avenger'. The context of both classes is related to Star Wars, and the target class is a specific character, just like the source class. This match is the most appropriate considering both context and score."
http://dbkwik.webdatacommons.org/starwars.wikia.com/resource/Kaon,http://dbkwik.webdatacommons.org/swtor.wikia.com/resource/Kaon,equivalent,0.665686,Match based on Embeddings
http://dbkwik.webdatacommons.org/starwars.wikia.com/resource/Cold_War,http://dbkwik.webdatacommons.org/swtor.wikia.com/resource/Cold_War,equivalent,0.6689809,Match based on Embeddings
http://dbkwik.webdatacommons.org/starwars.wikia.com/resource/Qiltakka,http://dbkwik.webdatacommons.org/swtor.wikia.com/resource/Qiltakka,equivalent,0.6644318,Match based on Embeddings
http://dbkwik.webdatacommons.org/starwars.wikia.com/resource/Handa,http://dbkwik.webdatacommons.org/swtor.wikia.com/resource/Handa,equivalent,0.66370726,Match based on Embeddings
http://dbkwik.webdatacommons.org/starwars.wikia.com/resource/Algrunar,http://dbkwik.webdatacommons.org/swtor.wikia.com/resource/Algrunar,equivalent,0.66033834,Match based on Embeddings
http://dbkwik.webdatacommons.org/starwars.wikia.com/resource/Unidentified_messenger_Jedi,http://dbkwik.webdatacommons.org/swtor.wikia.com/resource/Unidentified_messenger_Jedi,equivalent,0.68804526,Match based on Embeddings
http://dbkwik.webdatacommons.org/starwars.wikia.com/resource/Quanera,http://dbkwik.webdatacommons.org/swtor.wikia.com/resource/Quanera,equivalent,0.66328126,Match based on Embeddings
http://dbkwik.webdatacommons.org/starwars.wikia.com/resource/Jory,http://dbkwik.webdatacommons.org/swtor.wikia.com/resource/Jory,equivalent,0.6622724,Match based on Embeddings
http://dbkwik.webdatacommons.org/starwars.wikia.com/resource/Gray_Jedi,http://dbkwik.webdatacommons.org/swtor.wikia.com/resource/Gray_Jedi,equivalent,0.6850227,Match based on Embeddings
http://dbkwik.webdatacommons.org/starwars.wikia.com/resource/Twi%27lek/Legends,http://dbkwik.webdatacommons.org/swtor.wikia.com/resource/Twi%27lek,equivalent,0.60885864,Match based on Embeddings
http://dbkwik.webdatacommons.org/starwars.wikia.com/resource/Gand_(planet),http://dbkwik.webdatacommons.org/swtor.wikia.com/resource/Gand_(planet),equivalent,0.66951144,Match based on Embeddings
http://dbkwik.webdatacommons.org/starwars.wikia.com/resource/Elara_Dorne,http://dbkwik.webdatacommons.org/swtor.wikia.com/resource/Elara_Dorne,equivalent,0.669179,Match based on Embeddings
http://dbkwik.webdatacommons.org/starwars.wikia.com/resource/Visas_Marr,http://dbkwik.webdatacommons.org/swtor.wikia.com/resource/Visas_Marr,equivalent,0.66762763,Match based on Embeddings
http://dbkwik.webdatacommons.org/starwars.wikia.com/resource/Jedi_Cruiser,http://dbkwik.webdatacommons.org/swtor.wikia.com/resource/Jedi_Cruiser,equivalent,0.69189644,Match based on Embeddings
http://dbkwik.webdatacommons.org/starwars.wikia.com/resource/Ragate,http://dbkwik.webdatacommons.org/swtor.wikia.com/resource/Ragate,equivalent,0.66482073,Match based on Embeddings
http://dbkwik.webdatacommons.org/starwars.wikia.com/resource/Sendant_Pride,http://dbkwik.webdatacommons.org/swtor.wikia.com/resource/Sendant_Pride,equivalent,0.67008966,Match based on Embeddings
http://dbkwik.webdatacommons.org/starwars.wikia.com/resource/Andur_Sunrider,http://dbkwik.webdatacommons.org/swtor.wikia.com/resource/Andur_Sunrider,equivalent,0.6756426,Match based on Embeddings
http://dbkwik.webdatacommons.org/starwars.wikia.com/resource/Palla_Mazlin,http://dbkwik.webdatacommons.org/swtor.wikia.com/resource/Palla_Mazlin,equivalent,0.6568537,Match based on Embeddings
http://dbkwik.webdatacommons.org/starwars.wikia.com/resource/Upper_City_Cantina,http://dbkwik.webdatacommons.org/swtor.wikia.com/resource/Upper_City_Cantina,equivalent,0.6718364,Match based on Embeddings
http://dbkwik.webdatacommons.org/starwars.wikia.com/resource/FT-6_Pike,http://dbkwik.webdatacommons.org/swtor.wikia.com/resource/FT-6_Pike,equivalent,0.66504925,Match based on Embeddings
http://dbkwik.webdatacommons.org/starwars.wikia.com/resource/Eison_Gynt,http://dbkwik.webdatacommons.org/swtor.wikia.com/resource/Eison_Gynt,equivalent,0.6619038,Match based on Embeddings
http://dbkwik.webdatacommons.org/starwars.wikia.com/resource/Skavak,http://dbkwik.webdatacommons.org/swtor.wikia.com/resource/Skavak,equivalent,0.667432,Match based on Embeddings
http://dbkwik.webdatacommons.org/starwars.wikia.com/resource/Exal_Kressh,http://dbkwik.webdatacommons.org/swtor.wikia.com/resource/Exal_Kressh,equivalent,0.6691032,Match based on Embeddings
http://dbkwik.webdatacommons.org/starwars.wikia.com/resource/Sandcrawler,http://dbkwik.webdatacommons.org/swtor.wikia.com/resource/Sandcrawler,equivalent,0.665464,Match based on Embeddings
http://dbkwik.webdatacommons.org/starwars.wikia.com/resource/Minos_Porter,http://dbkwik.webdatacommons.org/swtor.wikia.com/resource/Minos_Porter,equivalent,0.6594971,Match based on Embeddings
http://dbkwik.webdatacommons.org/starwars.wikia.com/resource/Darth_Ravage,http://dbkwik.webdatacommons.org/swtor.wikia.com/resource/Darth_Ravage,equivalent,0.68152434,Match based on Embeddings
http://dbkwik.webdatacommons.org/starwars.wikia.com/resource/Hurdenn,http://dbkwik.webdatacommons.org/swtor.wikia.com/resource/Hurdenn,equivalent,0.6600709,Match based on Embeddings
http://dbkwik.webdatacommons.org/starwars.wikia.com/resource/Q%27Anilia,http://dbkwik.webdatacommons.org/swtor.wikia.com/resource/Q%27Anilia,equivalent,0.6587424,Match based on Embeddings
http://dbkwik.webdatacommons.org/starwars.wikia.com/resource/Raskurro,http://dbkwik.webdatacommons.org/swtor.wikia.com/resource/Raskurro,equivalent,0.66494787,Match based on Embeddings
http://dbkwik.webdatacommons.org/starwars.wikia.com/resource/Jurgoran,http://dbkwik.webdatacommons.org/swtor.wikia.com/resource/Gilagimar,equivalent,0.5802,"Although the similarity score is not extremely high, the semantic fit between the contexts is strong. Both Jurgoran and Gilagimar are likely to be characters or entities in the Star Wars universe. The slight difference in score is justified by the fact that Gilagimar is a more specific match, being a character in the Star Wars: The Old Republic game, whereas Jurgoran could be a character from any Star Wars media."
http://dbkwik.webdatacommons.org/starwars.wikia.com/resource/Lema_Xandret,http://dbkwik.webdatacommons.org/swtor.wikia.com/resource/Lema_Xandret,equivalent,0.6528266,Match based on Embeddings
http://dbkwik.webdatacommons.org/starwars.wikia.com/resource/Zez-Kai_Ell,http://dbkwik.webdatacommons.org/swtor.wikia.com/resource/Zez-Kai_Ell,equivalent,0.6624438,Match based on Embeddings
http://dbkwik.webdatacommons.org/starwars.wikia.com/resource/Lost_Jedi,http://dbkwik.webdatacommons.org/swtor.wikia.com/resource/Lost_Jedi,equivalent,0.6868611,Match based on Embeddings
http://dbkwik.webdatacommons.org/starwars.wikia.com/resource/Darth_Azamin,http://dbkwik.webdatacommons.org/swtor.wikia.com/resource/Darth_Azamin,equivalent,0.67959297,Match based on Embeddings
http://dbkwik.webdatacommons.org/starwars.wikia.com/resource/Atton_Rand,http://dbkwik.webdatacommons.org/swtor.wikia.com/resource/Atton_Rand,equivalent,0.6613081,Match based on Embeddings
http://dbkwik.webdatacommons.org/starwars.wikia.com/resource/Suvam_Tan,http://dbkwik.webdatacommons.org/swtor.wikia.com/resource/Suvam_Tan,equivalent,0.6547697,Match based on Embeddings
http://dbkwik.webdatacommons.org/starwars.wikia.com/resource/Gorse_Bendak,http://dbkwik.webdatacommons.org/swtor.wikia.com/resource/Bendak_Starkiller,equivalent,0.578369,Match based on Embeddings
http://dbkwik.webdatacommons.org/starwars.wikia.com/resource/Sand_bat,http://dbkwik.webdatacommons.org/swtor.wikia.com/resource/Sand_Bat,equivalent,0.6642123,Match based on Embeddings
http://dbkwik.webdatacommons.org/starwars.wikia.com/resource/Xelian,http://dbkwik.webdatacommons.org/swtor.wikia.com/resource/Xelian,equivalent,0.6623001,Match based on Embeddings
http://dbkwik.webdatacommons.org/starwars.wikia.com/resource/Wesner,http://dbkwik.webdatacommons.org/swtor.wikia.com/resource/Wesner,equivalent,0.6673448,Match based on Embeddings
http://dbkwik.webdatacommons.org/starwars.wikia.com/resource/Cathedral_ship,http://dbkwik.webdatacommons.org/swtor.wikia.com/resource/Cathedral_Ship,equivalent,0.67600614,Match based on Embeddings
http://dbkwik.webdatacommons.org/starwars.wikia.com/resource/Torr_Snapit,http://dbkwik.webdatacommons.org/swtor.wikia.com/resource/Torr_Snapit,equivalent,0.65843165,Match based on Embeddings
http://dbkwik.webdatacommons.org/starwars.wikia.com/property/conflict,http://dbkwik.webdatacommons.org/swtor.wikia.com/property/conflicts,equivalent,0.64726317,Match based on Embeddings
http://dbkwik.webdatacommons.org/starwars.wikia.com/resource/Dao_Stryver,http://dbkwik.webdatacommons.org/swtor.wikia.com/resource/Dao_Stryver,equivalent,0.6722841,Match based on Embeddings
http://dbkwik.webdatacommons.org/starwars.wikia.com/resource/Yuun_(Gand),http://dbkwik.webdatacommons.org/swtor.wikia.com/resource/Yuun,equivalent,0.62080693,Match based on Embeddings
http://dbkwik.webdatacommons.org/starwars.wikia.com/resource/Toborro,http://dbkwik.webdatacommons.org/swtor.wikia.com/resource/Toborro_the_Hutt,equivalent,0.6173759,Match based on Embeddings
http://dbkwik.webdatacommons.org/starwars.wikia.com/class/starship_class,http://dbkwik.webdatacommons.org/swtor.wikia.com/class/starship,equivalent,0.6594778,Match based on Embeddings
http://dbkwik.webdatacommons.org/starwars.wikia.com/resource/Gizmel_Gam,http://dbkwik.webdatacommons.org/swtor.wikia.com/resource/Gizmel_Gam,equivalent,0.6616074,Match based on Embeddings
http://dbkwik.webdatacommons.org/starwars.wikia.com/resource/Hezzoran,http://dbkwik.webdatacommons.org/swtor.wikia.com/resource/Hezzoran,equivalent,0.6627566,Match based on Embeddings
http://dbkwik.webdatacommons.org/starwars.wikia.com/resource/3667_BBY,"http://dbkwik.webdatacommons.org/swtor.wikia.com/resource/26,347_BTC",equivalent,0.5243,"The similarity score is high, and both classes refer to a specific time period in the Star Wars universe. The context of both classes is about dates, making them semantically equivalent."
http://dbkwik.webdatacommons.org/starwars.wikia.com/resource/Zenith,http://dbkwik.webdatacommons.org/swtor.wikia.com/resource/Zenith,equivalent,0.66745406,Match based on Embeddings
http://dbkwik.webdatacommons.org/starwars.wikia.com/property/after,http://dbkwik.webdatacommons.org/swtor.wikia.com/property/after,equivalent,0.665911,Match based on Embeddings
http://dbkwik.webdatacommons.org/starwars.wikia.com/resource/Ord_Mantell,http://dbkwik.webdatacommons.org/swtor.wikia.com/resource/Ord_Mantell,equivalent,0.66132104,Match based on Embeddings
http://dbkwik.webdatacommons.org/starwars.wikia.com/resource/Scourge_(Sith),http://dbkwik.webdatacommons.org/swtor.wikia.com/resource/Scourge,equivalent,0.64116746,Match based on Embeddings
http://dbkwik.webdatacommons.org/starwars.wikia.com/resource/Renegin,http://dbkwik.webdatacommons.org/swtor.wikia.com/resource/Renegin,equivalent,0.6674647,Match based on Embeddings
http://dbkwik.webdatacommons.org/starwars.wikia.com/resource/Gharj,http://dbkwik.webdatacommons.org/swtor.wikia.com/resource/Gharj,equivalent,0.66810656,Match based on Embeddings
http://dbkwik.webdatacommons.org/starwars.wikia.com/resource/Andria,http://dbkwik.webdatacommons.org/swtor.wikia.com/resource/Andria,equivalent,0.66493595,Match based on Embeddings
http://dbkwik.webdatacommons.org/starwars.wikia.com/resource/Supreme_Chancellor,http://dbkwik.webdatacommons.org/swtor.wikia.com/resource/Supreme_Chancellor,equivalent,0.67211944,Match based on Embeddings
http://dbkwik.webdatacommons.org/starwars.wikia.com/resource/Darth_Decimus,http://dbkwik.webdatacommons.org/swtor.wikia.com/resource/Darth_Decimus,equivalent,0.68356216,Match based on Embeddings
http://dbkwik.webdatacommons.org/starwars.wikia.com/resource/Factor_Jarvus,http://dbkwik.webdatacommons.org/swtor.wikia.com/resource/Factor_Jarvus,equivalent,0.6708817,Match based on Embeddings
http://dbkwik.webdatacommons.org/starwars.wikia.com/resource/Sith_Warrior,http://dbkwik.webdatacommons.org/swtor.wikia.com/resource/Sith_Warrior_(title),equivalent,0.65088236,Match based on Embeddings
http://dbkwik.webdatacommons.org/starwars.wikia.com/resource/Haken,http://dbkwik.webdatacommons.org/swtor.wikia.com/resource/Haken,equivalent,0.65644157,Match based on Embeddings
http://dbkwik.webdatacommons.org/starwars.wikia.com/resource/Eskel,http://dbkwik.webdatacommons.org/swtor.wikia.com/resource/Eskel,equivalent,0.6649912,Match based on Embeddings
http://dbkwik.webdatacommons.org/starwars.wikia.com/resource/Selven,http://dbkwik.webdatacommons.org/swtor.wikia.com/resource/Selven,equivalent,0.65869695,Match based on Embeddings
http://dbkwik.webdatacommons.org/starwars.wikia.com/resource/Zeerid_Korr,http://dbkwik.webdatacommons.org/swtor.wikia.com/resource/Zeerid_Korr,equivalent,0.6691362,Match based on Embeddings
http://dbkwik.webdatacommons.org/starwars.wikia.com/resource/Brentaal_Star,http://dbkwik.webdatacommons.org/swtor.wikia.com/resource/Brentaal_Star,equivalent,0.6714174,Match based on Embeddings
http://dbkwik.webdatacommons.org/starwars.wikia.com/resource/Garus,http://dbkwik.webdatacommons.org/swtor.wikia.com/resource/Garus,equivalent,0.671162,Match based on Embeddings
http://dbkwik.webdatacommons.org/starwars.wikia.com/resource/Orth_Quane,http://dbkwik.webdatacommons.org/swtor.wikia.com/resource/Orth_Quane,equivalent,0.66792154,Match based on Embeddings
http://dbkwik.webdatacommons.org/starwars.wikia.com/resource/Attack_on_the_Hutt_Cartel_listening_post,http://dbkwik.webdatacommons.org/swtor.wikia.com/resource/Cartel_Listening_Station,equivalent,0.5616182,Match based on Embeddings
http://dbkwik.webdatacommons.org/starwars.wikia.com/resource/Gault_Rennow,http://dbkwik.webdatacommons.org/swtor.wikia.com/resource/Gault_Rennow,equivalent,0.66775644,Match based on Embeddings
http://dbkwik.webdatacommons.org/starwars.wikia.com/resource/Jedi_Consular,http://dbkwik.webdatacommons.org/swtor.wikia.com/resource/Jedi_Consular_(title),equivalent,0.65720826,Match based on Embeddings
http://dbkwik.webdatacommons.org/starwars.wikia.com/resource/Kilo_Detton,http://dbkwik.webdatacommons.org/swtor.wikia.com/resource/Kilo_Detton,equivalent,0.66743994,Match based on Embeddings
http://dbkwik.webdatacommons.org/starwars.wikia.com/resource/Nimi,http://dbkwik.webdatacommons.org/swtor.wikia.com/resource/Nimi,equivalent,0.6623611,Match based on Embeddings
http://dbkwik.webdatacommons.org/starwars.wikia.com/resource/Sarapin_Wanderer,http://dbkwik.webdatacommons.org/swtor.wikia.com/resource/Sarapin_Wanderer,equivalent,0.6614479,Match based on Embeddings
http://dbkwik.webdatacommons.org/starwars.wikia.com/resource/Kashyyyk/Legends,http://dbkwik.webdatacommons.org/swtor.wikia.com/resource/Kashyyyk,equivalent,0.6163823,Match based on Embeddings
http://dbkwik.webdatacommons.org/starwars.wikia.com/resource/Neo-Crusader_armor,http://dbkwik.webdatacommons.org/swtor.wikia.com/resource/Mandalorian_Neo-Crusaders,equivalent,0.5889,"The similarity score is high, and the context of both classes suggests that they are equivalent. Both classes refer to a type of armor or suit, and the similarity in labels and types supports this equivalence."
http://dbkwik.webdatacommons.org/starwars.wikia.com/resource/Chaskar,http://dbkwik.webdatacommons.org/swtor.wikia.com/resource/Chaskar,equivalent,0.668974,Match based on Embeddings
http://dbkwik.webdatacommons.org/starwars.wikia.com/resource/Koros_Spaceworks_interceptor,http://dbkwik.webdatacommons.org/swtor.wikia.com/resource/Koros_Spaceworks_interceptor,equivalent,0.68249375,Match based on Embeddings
http://dbkwik.webdatacommons.org/starwars.wikia.com/property/crew,http://dbkwik.webdatacommons.org/swtor.wikia.com/property/crew,equivalent,0.6642823,Match based on Embeddings
http://dbkwik.webdatacommons.org/starwars.wikia.com/resource/Duran_Gorr,http://dbkwik.webdatacommons.org/swtor.wikia.com/resource/Duran_Gorr,equivalent,0.66271365,Match based on Embeddings
http://dbkwik.webdatacommons.org/starwars.wikia.com/resource/Mrssk,http://dbkwik.webdatacommons.org/swtor.wikia.com/resource/Mrssk,equivalent,0.6730684,Match based on Embeddings
http://dbkwik.webdatacommons.org/starwars.wikia.com/resource/Broga_Masrii,http://dbkwik.webdatacommons.org/swtor.wikia.com/resource/Broga_Masrii,equivalent,0.6647482,Match based on Embeddings
http://dbkwik.webdatacommons.org/starwars.wikia.com/resource/Gunslinger,http://dbkwik.webdatacommons.org/swtor.wikia.com/resource/Gunslinger,equivalent,0.67744714,Match based on Embeddings
http://dbkwik.webdatacommons.org/starwars.wikia.com/resource/Argog,http://dbkwik.webdatacommons.org/swtor.wikia.com/resource/Argog,equivalent,0.6655037,Match based on Embeddings
http://dbkwik.webdatacommons.org/starwars.wikia.com/resource/First_Battle_of_Bothawui,http://dbkwik.webdatacommons.org/swtor.wikia.com/resource/First_Battle_of_Bothawui,equivalent,0.67342,Match based on Embeddings
http://dbkwik.webdatacommons.org/starwars.wikia.com/resource/Bouris_Ulgo,http://dbkwik.webdatacommons.org/swtor.wikia.com/resource/Bouris_Ulgo,equivalent,0.6602934,Match based on Embeddings
http://dbkwik.webdatacommons.org/starwars.wikia.com/resource/Tusken_Raider,http://dbkwik.webdatacommons.org/swtor.wikia.com/resource/Tuknatan,equivalent,0.5805,"The similarity score is high, and the context of both classes suggests that they are equivalent. Both classes refer to a specific group of characters in the Star Wars universe, and the labels 'tusken raider' and 'tuknatan' have similar meanings."
http://dbkwik.webdatacommons.org/starwars.wikia.com/resource/Shan_family,http://dbkwik.webdatacommons.org/swtor.wikia.com/resource/Shan_family,equivalent,0.67142767,Match based on Embeddings
http://dbkwik.webdatacommons.org/starwars.wikia.com/resource/Force_rage,http://dbkwik.webdatacommons.org/swtor.wikia.com/resource/Force_rage,equivalent,0.67891246,Match based on Embeddings
http://dbkwik.webdatacommons.org/starwars.wikia.com/resource/Rylon,http://dbkwik.webdatacommons.org/swtor.wikia.com/resource/Commander_Rylon,equivalent,0.62159777,Match based on Embeddings
http://dbkwik.webdatacommons.org/starwars.wikia.com/resource/Xev,http://dbkwik.webdatacommons.org/swtor.wikia.com/resource/Xev,equivalent,0.66500956,Match based on Embeddings
http://dbkwik.webdatacommons.org/starwars.wikia.com/resource/Tegan,http://dbkwik.webdatacommons.org/swtor.wikia.com/resource/Tegan,equivalent,0.66481453,Match based on Embeddings
http://dbkwik.webdatacommons.org/starwars.wikia.com/resource/Leontyne_Saresh,http://dbkwik.webdatacommons.org/swtor.wikia.com/resource/Leontyne_Saresh,equivalent,0.6646585,Match based on Embeddings
http://dbkwik.webdatacommons.org/starwars.wikia.com/resource/Estopatrin,http://dbkwik.webdatacommons.org/swtor.wikia.com/resource/Estopatrin,equivalent,0.6676008,Match based on Embeddings
http://dbkwik.webdatacommons.org/starwars.wikia.com/resource/Tarsus_Valorum,http://dbkwik.webdatacommons.org/swtor.wikia.com/resource/Tarsus_Valorum,equivalent,0.6729043,Match based on Embeddings
http://dbkwik.webdatacommons.org/starwars.wikia.com/resource/Dalash_Ard,http://dbkwik.webdatacommons.org/swtor.wikia.com/resource/Dalash_Ard,equivalent,0.66819096,Match based on Embeddings
http://dbkwik.webdatacommons.org/starwars.wikia.com/resource/Grandfather,http://dbkwik.webdatacommons.org/swtor.wikia.com/resource/Grandfather,equivalent,0.6712787,Match based on Embeddings
http://dbkwik.webdatacommons.org/starwars.wikia.com/resource/Watcher_X,http://dbkwik.webdatacommons.org/swtor.wikia.com/resource/Watcher_X,equivalent,0.6688108,Match based on Embeddings
http://dbkwik.webdatacommons.org/starwars.wikia.com/resource/Deera_Ulyette,http://dbkwik.webdatacommons.org/swtor.wikia.com/resource/Deera_Ulyette,equivalent,0.6611483,Match based on Embeddings
http://dbkwik.webdatacommons.org/starwars.wikia.com/resource/Kalikori_village,http://dbkwik.webdatacommons.org/swtor.wikia.com/resource/Kalikori_Village,equivalent,0.66676766,Match based on Embeddings
http://dbkwik.webdatacommons.org/starwars.wikia.com/resource/Dromika,http://dbkwik.webdatacommons.org/swtor.wikia.com/resource/Dromika,equivalent,0.66357946,Match based on Embeddings
http://dbkwik.webdatacommons.org/starwars.wikia.com/resource/Gummig,http://dbkwik.webdatacommons.org/swtor.wikia.com/resource/Gummig,equivalent,0.66265637,Match based on Embeddings
http://dbkwik.webdatacommons.org/starwars.wikia.com/resource/Ulldin,http://dbkwik.webdatacommons.org/swtor.wikia.com/resource/Ulldin,equivalent,0.65892535,Match based on Embeddings
http://dbkwik.webdatacommons.org/starwars.wikia.com/resource/Sojourn_(Hammerhead-class),http://dbkwik.webdatacommons.org/swtor.wikia.com/resource/Sojourn,equivalent,0.60019225,Match based on Embeddings
http://dbkwik.webdatacommons.org/starwars.wikia.com/resource/Skav_Mora,http://dbkwik.webdatacommons.org/swtor.wikia.com/resource/Skav_Mora,equivalent,0.66719824,Match based on Embeddings
http://dbkwik.webdatacommons.org/starwars.wikia.com/resource/Darth_Nihilus,http://dbkwik.webdatacommons.org/swtor.wikia.com/resource/Darth_Nihilus,equivalent,0.68197167,Match based on Embeddings
http://dbkwik.webdatacommons.org/starwars.wikia.com/resource/Memit_Nadill%27s_courier,http://dbkwik.webdatacommons.org/swtor.wikia.com/resource/Memit_Nadill%27s_Courier,equivalent,0.6680054,Match based on Embeddings
http://dbkwik.webdatacommons.org/starwars.wikia.com/resource/Gorlan_Palladane,http://dbkwik.webdatacommons.org/swtor.wikia.com/resource/Gorlan_Palladane,equivalent,0.6560905,Match based on Embeddings
http://dbkwik.webdatacommons.org/starwars.wikia.com/resource/Great_Hunt_(competition),http://dbkwik.webdatacommons.org/swtor.wikia.com/resource/Great_Hunt,equivalent,0.5898347,Match based on Embeddings
http://dbkwik.webdatacommons.org/starwars.wikia.com/resource/Thranta-class_corvette,http://dbkwik.webdatacommons.org/swtor.wikia.com/resource/Thranta-class_corvette,equivalent,0.67745554,Match based on Embeddings
http://dbkwik.webdatacommons.org/starwars.wikia.com/resource/Thon%27s_Jedi_Master,http://dbkwik.webdatacommons.org/swtor.wikia.com/resource/Thon%27s_Jedi_Master,equivalent,0.6866113,Match based on Embeddings
http://dbkwik.webdatacommons.org/starwars.wikia.com/resource/Voss,http://dbkwik.webdatacommons.org/swtor.wikia.com/resource/Voss_(planet),equivalent,0.6226027,Match based on Embeddings
http://dbkwik.webdatacommons.org/starwars.wikia.com/resource/Mako_(slicer),http://dbkwik.webdatacommons.org/swtor.wikia.com/resource/Mako,equivalent,0.5849097,Match based on Embeddings
http://dbkwik.webdatacommons.org/starwars.wikia.com/resource/Roggar_Den,http://dbkwik.webdatacommons.org/swtor.wikia.com/resource/Roggar_Den,equivalent,0.66638976,Match based on Embeddings
http://dbkwik.webdatacommons.org/starwars.wikia.com/property/modes,http://dbkwik.webdatacommons.org/swtor.wikia.com/property/modes,equivalent,0.6617177,Match based on Embeddings
http://dbkwik.webdatacommons.org/starwars.wikia.com/resource/Sith_Academy_(Dromund_Kaas),http://dbkwik.webdatacommons.org/swtor.wikia.com/resource/Sith_Academy_(Dromund_Kaas),equivalent,0.68816864,Match based on Embeddings
http://dbkwik.webdatacommons.org/starwars.wikia.com/resource/Sith_Master,http://dbkwik.webdatacommons.org/swtor.wikia.com/resource/Sith_Master,equivalent,0.68504083,Match based on Embeddings
http://dbkwik.webdatacommons.org/starwars.wikia.com/resource/Kiel_Charny,http://dbkwik.webdatacommons.org/swtor.wikia.com/resource/Kiel_Charny,equivalent,0.6719026,Match based on Embeddings
http://dbkwik.webdatacommons.org/starwars.wikia.com/resource/Desolator_(superweapon),http://dbkwik.webdatacommons.org/swtor.wikia.com/resource/Desolator_(superweapon),equivalent,0.68005866,Match based on Embeddings
http://dbkwik.webdatacommons.org/starwars.wikia.com/resource/Barel_Ovair%27s_grandfather,http://dbkwik.webdatacommons.org/swtor.wikia.com/resource/Barel_Ovair%27s_grandfather,equivalent,0.669701,Match based on Embeddings
http://dbkwik.webdatacommons.org/starwars.wikia.com/resource/Dreeson_(general),http://dbkwik.webdatacommons.org/swtor.wikia.com/resource/General_Dreeson,equivalent,0.6517887,Match based on Embeddings
http://dbkwik.webdatacommons.org/starwars.wikia.com/resource/Starsnow_(Jedi),http://dbkwik.webdatacommons.org/swtor.wikia.com/resource/Starsnow_(Jedi),equivalent,0.6820158,Match based on Embeddings
http://dbkwik.webdatacommons.org/starwars.wikia.com/resource/Bolraida,http://dbkwik.webdatacommons.org/swtor.wikia.com/resource/Bolraida,equivalent,0.6653033,Match based on Embeddings
http://dbkwik.webdatacommons.org/starwars.wikia.com/property/role,http://dbkwik.webdatacommons.org/swtor.wikia.com/property/role,equivalent,0.6660955,Match based on Embeddings
http://dbkwik.webdatacommons.org/starwars.wikia.com/resource/Vikto,http://dbkwik.webdatacommons.org/swtor.wikia.com/resource/Vikto,equivalent,0.6559591,Match based on Embeddings
http://dbkwik.webdatacommons.org/starwars.wikia.com/resource/Harvorisk,http://dbkwik.webdatacommons.org/swtor.wikia.com/resource/Harvorisk,equivalent,0.6637473,Match based on Embeddings
http://dbkwik.webdatacommons.org/starwars.wikia.com/resource/Zeldrate,http://dbkwik.webdatacommons.org/swtor.wikia.com/resource/Zeldrate,equivalent,0.6603387,Match based on Embeddings
http://dbkwik.webdatacommons.org/starwars.wikia.com/class/individual_ship,http://dbkwik.webdatacommons.org/swtor.wikia.com/class/starship,equivalent,0.5752736,Match based on Embeddings
http://dbkwik.webdatacommons.org/starwars.wikia.com/resource/Kaldona,http://dbkwik.webdatacommons.org/swtor.wikia.com/resource/Kaldona,equivalent,0.66746867,Match based on Embeddings
http://dbkwik.webdatacommons.org/starwars.wikia.com/resource/3653_BBY,http://dbkwik.webdatacommons.org/swtor.wikia.com/resource/T3-H8,equivalent,0.5275,"The similarity score is high, and the context of both classes suggests they are equivalent. Both classes refer to specific time periods in the Star Wars universe, making them semantically equivalent."
http://dbkwik.webdatacommons.org/starwars.wikia.com/resource/Trevayne,http://dbkwik.webdatacommons.org/swtor.wikia.com/resource/Trevayne,equivalent,0.66540676,Match based on Embeddings
http://dbkwik.webdatacommons.org/starwars.wikia.com/resource/Trea_Kobbeth,http://dbkwik.webdatacommons.org/swtor.wikia.com/resource/Trea_Kobbeth,equivalent,0.650601,Match based on Embeddings
http://dbkwik.webdatacommons.org/starwars.wikia.com/resource/FT-3C_Imperium,http://dbkwik.webdatacommons.org/swtor.wikia.com/resource/FT-3C_Imperium,equivalent,0.6753118,Match based on Embeddings
http://dbkwik.webdatacommons.org/starwars.wikia.com/resource/Hardin,http://dbkwik.webdatacommons.org/swtor.wikia.com/resource/Hardin,equivalent,0.6624868,Match based on Embeddings
http://dbkwik.webdatacommons.org/starwars.wikia.com/resource/X2-C3_Imperial_astromech,http://dbkwik.webdatacommons.org/swtor.wikia.com/resource/X2-C3_Imperial_astromech,equivalent,0.6856838,Match based on Embeddings
http://dbkwik.webdatacommons.org/starwars.wikia.com/resource/Kevin_Michael_Richardson,http://dbkwik.webdatacommons.org/swtor.wikia.com/resource/Kevin_Michael_Richardson,equivalent,0.66236025,Match based on Embeddings
http://dbkwik.webdatacommons.org/starwars.wikia.com/resource/DeMare,http://dbkwik.webdatacommons.org/swtor.wikia.com/resource/DeMare,equivalent,0.6560669,Match based on Embeddings
http://dbkwik.webdatacommons.org/starwars.wikia.com/resource/Dark_Council,http://dbkwik.webdatacommons.org/swtor.wikia.com/resource/Dark_Council,equivalent,0.67625004,Match based on Embeddings
http://dbkwik.webdatacommons.org/starwars.wikia.com/resource/Tauntaun,http://dbkwik.webdatacommons.org/swtor.wikia.com/resource/Tauntaun,equivalent,0.6653364,Match based on Embeddings
http://dbkwik.webdatacommons.org/starwars.wikia.com/resource/Geonosian,http://dbkwik.webdatacommons.org/swtor.wikia.com/resource/Geonosian,equivalent,0.6726553,Match based on Embeddings
http://dbkwik.webdatacommons.org/starwars.wikia.com/resource/Bala_Nisi,http://dbkwik.webdatacommons.org/swtor.wikia.com/resource/Bala_Nisi,equivalent,0.6643586,Match based on Embeddings
http://dbkwik.webdatacommons.org/starwars.wikia.com/resource/Szajin,http://dbkwik.webdatacommons.org/swtor.wikia.com/resource/Szajin,equivalent,0.66825074,Match based on Embeddings
http://dbkwik.webdatacommons.org/starwars.wikia.com/resource/Deesra_Luur_Jada,http://dbkwik.webdatacommons.org/swtor.wikia.com/resource/Deesra_Luur_Jada,equivalent,0.66892624,Match based on Embeddings
http://dbkwik.webdatacommons.org/starwars.wikia.com/resource/Mari-Elan_Nora,http://dbkwik.webdatacommons.org/swtor.wikia.com/resource/Mari-Elan_Nora,equivalent,0.66481465,Match based on Embeddings
http://dbkwik.webdatacommons.org/starwars.wikia.com/resource/Gamorrean,http://dbkwik.webdatacommons.org/swtor.wikia.com/resource/Gamorrean,equivalent,0.66227734,Match based on Embeddings
http://dbkwik.webdatacommons.org/starwars.wikia.com/resource/Solence,http://dbkwik.webdatacommons.org/swtor.wikia.com/resource/Solence,equivalent,0.6565483,Match based on Embeddings
http://dbkwik.webdatacommons.org/starwars.wikia.com/resource/Ven_Zallow,http://dbkwik.webdatacommons.org/swtor.wikia.com/resource/Ven_Zallow,equivalent,0.66184974,Match based on Embeddings
http://dbkwik.webdatacommons.org/starwars.wikia.com/resource/Marcovic,http://dbkwik.webdatacommons.org/swtor.wikia.com/resource/Marcovic,equivalent,0.65987396,Match based on Embeddings
http://dbkwik.webdatacommons.org/starwars.wikia.com/resource/Vessex_Ulgo,http://dbkwik.webdatacommons.org/swtor.wikia.com/resource/Vessex_Ulgo,equivalent,0.66535306,Match based on Embeddings
http://dbkwik.webdatacommons.org/starwars.wikia.com/resource/Salarr,http://dbkwik.webdatacommons.org/swtor.wikia.com/resource/Salarr,equivalent,0.6634495,Match based on Embeddings
http://dbkwik.webdatacommons.org/starwars.wikia.com/resource/Breyer_Chorn,http://dbkwik.webdatacommons.org/swtor.wikia.com/resource/Breyer_Chorn,equivalent,0.67144233,Match based on Embeddings
http://dbkwik.webdatacommons.org/starwars.wikia.com/resource/Qual,http://dbkwik.webdatacommons.org/swtor.wikia.com/resource/Qual,equivalent,0.6646244,Match based on Embeddings
http://dbkwik.webdatacommons.org/starwars.wikia.com/resource/HK-51,http://dbkwik.webdatacommons.org/swtor.wikia.com/resource/HK-51,equivalent,0.6527916,Match based on Embeddings
http://dbkwik.webdatacommons.org/starwars.wikia.com/resource/XA-8_starfighter,http://dbkwik.webdatacommons.org/swtor.wikia.com/resource/XA-8_starfighter,equivalent,0.6880358,Match based on Embeddings
http://dbkwik.webdatacommons.org/starwars.wikia.com/resource/Jomar_Chul,http://dbkwik.webdatacommons.org/swtor.wikia.com/resource/Jomar_Chul,equivalent,0.66286194,Match based on Embeddings
http://dbkwik.webdatacommons.org/starwars.wikia.com/resource/Chemilizard,http://dbkwik.webdatacommons.org/swtor.wikia.com/resource/Chemilizard,equivalent,0.6658631,Match based on Embeddings
http://dbkwik.webdatacommons.org/starwars.wikia.com/resource/Unidentified_male_Human_Jedi_2_(Capture_of_Darth_Revan),http://dbkwik.webdatacommons.org/swtor.wikia.com/resource/Unidentified_male_Human_Jedi_2_(Capture_of_Darth_Revan),equivalent,0.6942153,Match based on Embeddings
http://dbkwik.webdatacommons.org/starwars.wikia.com/resource/Sarro_Xaj,http://dbkwik.webdatacommons.org/swtor.wikia.com/resource/Sarro_Xaj,equivalent,0.66827905,Match based on Embeddings
http://dbkwik.webdatacommons.org/starwars.wikia.com/resource/Simus,http://dbkwik.webdatacommons.org/swtor.wikia.com/resource/Simus,equivalent,0.67124647,Match based on Embeddings
http://dbkwik.webdatacommons.org/starwars.wikia.com/resource/Darth_Rivan,http://dbkwik.webdatacommons.org/swtor.wikia.com/resource/Darth_Rivan,equivalent,0.67882967,Match based on Embeddings
http://dbkwik.webdatacommons.org/starwars.wikia.com/resource/Mandalorian_Neo-Crusaders,http://dbkwik.webdatacommons.org/swtor.wikia.com/resource/Mandalorian_Neo-Crusaders,equivalent,0.6915365,Match based on Embeddings
http://dbkwik.webdatacommons.org/starwars.wikia.com/resource/Sidonie_Garen,http://dbkwik.webdatacommons.org/swtor.wikia.com/resource/Sidonie_Garen,equivalent,0.6664654,Match based on Embeddings
http://dbkwik.webdatacommons.org/starwars.wikia.com/resource/Xo%27ru,http://dbkwik.webdatacommons.org/swtor.wikia.com/resource/Xo%27ru,equivalent,0.65782505,Match based on Embeddings
http://dbkwik.webdatacommons.org/starwars.wikia.com/resource/Advozse/Legends,http://dbkwik.webdatacommons.org/swtor.wikia.com/resource/Advozse,equivalent,0.58384997,Match based on Embeddings
http://dbkwik.webdatacommons.org/starwars.wikia.com/resource/Kendoh_Thul,http://dbkwik.webdatacommons.org/swtor.wikia.com/resource/Kendoh,equivalent,0.611486,Match based on Embeddings
http://dbkwik.webdatacommons.org/starwars.wikia.com/resource/Dramath,http://dbkwik.webdatacommons.org/swtor.wikia.com/resource/Dramath,equivalent,0.6651514,Match based on Embeddings
http://dbkwik.webdatacommons.org/starwars.wikia.com/resource/Republic_battlecruiser,http://dbkwik.webdatacommons.org/swtor.wikia.com/resource/Republic_Battlecruiser,equivalent,0.6918851,Match based on Embeddings
http://dbkwik.webdatacommons.org/starwars.wikia.com/resource/Imperial_Army_(Sith_Empire),http://dbkwik.webdatacommons.org/swtor.wikia.com/resource/Imperial_Army,equivalent,0.64867073,Match based on Embeddings
http://dbkwik.webdatacommons.org/starwars.wikia.com/resource/Kayd,http://dbkwik.webdatacommons.org/swtor.wikia.com/resource/Agent_Kayd,equivalent,0.6015,"The similarity score is high, and the context of both classes suggests that they are equivalent. The target class 'Agent Kayd' is a character in the Star Wars universe, just like the source class 'Kayd'. The slight difference in the similarity score is justified by the fact that the target class has a more specific context, being a character in the Star Wars universe, whereas the source class 'Kayd' is a more general term. However, considering the overall semantic fit, I believe that the target class 'Agent Kayd' is the most appropriate match."
http://dbkwik.webdatacommons.org/starwars.wikia.com/resource/Jedi_Order,http://dbkwik.webdatacommons.org/swtor.wikia.com/resource/Jedi_Order,equivalent,0.6912266,Match based on Embeddings
http://dbkwik.webdatacommons.org/starwars.wikia.com/resource/BioWare,http://dbkwik.webdatacommons.org/swtor.wikia.com/resource/BioWare,equivalent,0.68364656,Match based on Embeddings
http://dbkwik.webdatacommons.org/starwars.wikia.com/resource/Davik_Kang,http://dbkwik.webdatacommons.org/swtor.wikia.com/resource/Davik_Kang,equivalent,0.6610563,Match based on Embeddings
http://dbkwik.webdatacommons.org/starwars.wikia.com/resource/Darth_Minax,http://dbkwik.webdatacommons.org/swtor.wikia.com/resource/Darth_Minax,equivalent,0.6786978,Match based on Embeddings
http://dbkwik.webdatacommons.org/starwars.wikia.com/resource/Strayen,http://dbkwik.webdatacommons.org/swtor.wikia.com/resource/Strayen,equivalent,0.66242886,Match based on Embeddings
http://dbkwik.webdatacommons.org/starwars.wikia.com/resource/Promised_Ones,http://dbkwik.webdatacommons.org/swtor.wikia.com/resource/The_Promised_Ones,equivalent,0.6589381,Match based on Embeddings
http://dbkwik.webdatacommons.org/starwars.wikia.com/resource/Kelborn,http://dbkwik.webdatacommons.org/swtor.wikia.com/resource/Kelborn,equivalent,0.65659356,Match based on Embeddings
http://dbkwik.webdatacommons.org/starwars.wikia.com/resource/Centurion-class_battlecruiser,http://dbkwik.webdatacommons.org/swtor.wikia.com/resource/Centurion-class_battlecruiser,equivalent,0.6848744,Match based on Embeddings
http://dbkwik.webdatacommons.org/starwars.wikia.com/resource/Mandalore_the_Ultimate,http://dbkwik.webdatacommons.org/swtor.wikia.com/resource/Mandalore_the_Ultimate,equivalent,0.6901033,Match based on Embeddings
http://dbkwik.webdatacommons.org/starwars.wikia.com/resource/Emperor%27s_Wrath,http://dbkwik.webdatacommons.org/swtor.wikia.com/resource/Emperor%27s_Wrath,equivalent,0.6778844,Match based on Embeddings
http://dbkwik.webdatacommons.org/starwars.wikia.com/resource/Duneclaw,http://dbkwik.webdatacommons.org/swtor.wikia.com/resource/Duneclaw,equivalent,0.67404556,Match based on Embeddings
http://dbkwik.webdatacommons.org/starwars.wikia.com/resource/Ossus,http://dbkwik.webdatacommons.org/swtor.wikia.com/resource/Ossus,equivalent,0.66535056,Match based on Embeddings
http://dbkwik.webdatacommons.org/starwars.wikia.com/resource/Core_Galaxy_Systems_Dreadnaught,http://dbkwik.webdatacommons.org/swtor.wikia.com/resource/Core_Galaxy_Systems_dreadnought,equivalent,0.6691311,Match based on Embeddings
http://dbkwik.webdatacommons.org/starwars.wikia.com/resource/Shenayag,http://dbkwik.webdatacommons.org/swtor.wikia.com/resource/Shenayag,equivalent,0.6590762,Match based on Embeddings
http://dbkwik.webdatacommons.org/starwars.wikia.com/resource/Venator-class_Star_Destroyer,http://dbkwik.webdatacommons.org/swtor.wikia.com/class/starship,equivalent,0.5676,"The Venator-class Star Destroyer is a specific type of starship in the Star Wars universe. The top candidate match, the Starship class, is semantically equivalent as it is a broader category that encompasses various types of starships, including the Venator-class Star Destroyer. Although the similarity score is not the highest, the semantic fit between the contexts is strong, making this match the most appropriate choice."
http://dbkwik.webdatacommons.org/starwars.wikia.com/resource/Republic_Navy,http://dbkwik.webdatacommons.org/swtor.wikia.com/resource/Republic_Navy,equivalent,0.69051963,Match based on Embeddings
http://dbkwik.webdatacommons.org/starwars.wikia.com/resource/Darth_Karrid,http://dbkwik.webdatacommons.org/swtor.wikia.com/resource/Darth_Karrid,equivalent,0.68407995,Match based on Embeddings
http://dbkwik.webdatacommons.org/starwars.wikia.com/resource/Jedi_Master,http://dbkwik.webdatacommons.org/swtor.wikia.com/resource/Jedi_Master,equivalent,0.6893833,Match based on Embeddings
http://dbkwik.webdatacommons.org/starwars.wikia.com/resource/Cariaga_Sin,http://dbkwik.webdatacommons.org/swtor.wikia.com/resource/Cariaga_Sin,equivalent,0.6672469,Match based on Embeddings
http://dbkwik.webdatacommons.org/starwars.wikia.com/resource/Selonian,http://dbkwik.webdatacommons.org/swtor.wikia.com/resource/Selonian,equivalent,0.6669451,Match based on Embeddings
http://dbkwik.webdatacommons.org/starwars.wikia.com/resource/Lisk,http://dbkwik.webdatacommons.org/swtor.wikia.com/resource/Lisk,equivalent,0.66083515,Match based on Embeddings
http://dbkwik.webdatacommons.org/starwars.wikia.com/resource/Cross_of_Glory,http://dbkwik.webdatacommons.org/swtor.wikia.com/resource/Cross_of_Glory,equivalent,0.66695076,Match based on Embeddings
http://dbkwik.webdatacommons.org/starwars.wikia.com/resource/Berluk,http://dbkwik.webdatacommons.org/swtor.wikia.com/resource/Berluk,equivalent,0.6594897,Match based on Embeddings
http://dbkwik.webdatacommons.org/starwars.wikia.com/resource/Zaerdra,http://dbkwik.webdatacommons.org/swtor.wikia.com/resource/Zaerdra,equivalent,0.6688334,Match based on Embeddings
http://dbkwik.webdatacommons.org/starwars.wikia.com/resource/Dromund_Kaas,http://dbkwik.webdatacommons.org/swtor.wikia.com/resource/Dromund_Kaas,equivalent,0.66402256,Match based on Embeddings
http://dbkwik.webdatacommons.org/starwars.wikia.com/resource/Powertech,http://dbkwik.webdatacommons.org/swtor.wikia.com/resource/Powertech,equivalent,0.6661892,Match based on Embeddings
http://dbkwik.webdatacommons.org/starwars.wikia.com/resource/Zakuul,http://dbkwik.webdatacommons.org/swtor.wikia.com/resource/Zakuul,equivalent,0.66538036,Match based on Embeddings
http://dbkwik.webdatacommons.org/starwars.wikia.com/resource/Qarin,http://dbkwik.webdatacommons.org/swtor.wikia.com/resource/Qarin,equivalent,0.6601572,Match based on Embeddings
http://dbkwik.webdatacommons.org/starwars.wikia.com/resource/Marka_Ragnos,http://dbkwik.webdatacommons.org/swtor.wikia.com/resource/Marka_Ragnos,equivalent,0.6633063,Match based on Embeddings
http://dbkwik.webdatacommons.org/starwars.wikia.com/resource/T3-H8,http://dbkwik.webdatacommons.org/swtor.wikia.com/resource/T3-H8,equivalent,0.6633324,Match based on Embeddings
http://dbkwik.webdatacommons.org/starwars.wikia.com/resource/Feln,http://dbkwik.webdatacommons.org/swtor.wikia.com/resource/Feln,equivalent,0.6653748,Match based on Embeddings
http://dbkwik.webdatacommons.org/starwars.wikia.com/resource/Rolend_Zavros,http://dbkwik.webdatacommons.org/swtor.wikia.com/resource/Rolend_Zavros,equivalent,0.66749406,Match based on Embeddings
http://dbkwik.webdatacommons.org/starwars.wikia.com/resource/Mandalorian_cruiser,http://dbkwik.webdatacommons.org/swtor.wikia.com/resource/Mandalorian_Cruiser,equivalent,0.6935725,Match based on Embeddings
http://dbkwik.webdatacommons.org/starwars.wikia.com/resource/Arosh,http://dbkwik.webdatacommons.org/swtor.wikia.com/resource/Arosh,equivalent,0.6659095,Match based on Embeddings
http://dbkwik.webdatacommons.org/starwars.wikia.com/resource/Lucien_Draay,http://dbkwik.webdatacommons.org/swtor.wikia.com/resource/Lucien_Draay,equivalent,0.6596721,Match based on Embeddings
http://dbkwik.webdatacommons.org/starwars.wikia.com/resource/F-T2_Quell,http://dbkwik.webdatacommons.org/swtor.wikia.com/resource/F-T2_Quell,equivalent,0.67099875,Match based on Embeddings
http://dbkwik.webdatacommons.org/starwars.wikia.com/resource/Oren_Ward,http://dbkwik.webdatacommons.org/swtor.wikia.com/resource/Oren_Ward,equivalent,0.64844114,Match based on Embeddings
http://dbkwik.webdatacommons.org/starwars.wikia.com/resource/Zhar_Lestin,http://dbkwik.webdatacommons.org/swtor.wikia.com/resource/Zhar_Lestin,equivalent,0.66558695,Match based on Embeddings
http://dbkwik.webdatacommons.org/starwars.wikia.com/property/author,http://dbkwik.webdatacommons.org/swtor.wikia.com/property/author,equivalent,0.6619664,Match based on Embeddings
http://dbkwik.webdatacommons.org/starwars.wikia.com/resource/Davaab-type_starfighter,http://dbkwik.webdatacommons.org/swtor.wikia.com/resource/Davaab-type_starfighter,equivalent,0.68777984,Match based on Embeddings
http://dbkwik.webdatacommons.org/starwars.wikia.com/resource/The_Old_Republic:_Smuggler%27s_Vanguard,http://dbkwik.webdatacommons.org/swtor.wikia.com/resource/The_Old_Republic:_Smuggler%27s_Vanguard,equivalent,0.69365346,Match based on Embeddings
http://dbkwik.webdatacommons.org/starwars.wikia.com/resource/Gurveer,http://dbkwik.webdatacommons.org/swtor.wikia.com/resource/Gurveer,equivalent,0.66473705,Match based on Embeddings
http://dbkwik.webdatacommons.org/starwars.wikia.com/resource/Ryen,http://dbkwik.webdatacommons.org/swtor.wikia.com/resource/Ryen,equivalent,0.6696471,Match based on Embeddings
http://dbkwik.webdatacommons.org/starwars.wikia.com/resource/Pazaak,http://dbkwik.webdatacommons.org/swtor.wikia.com/resource/Pazaak,equivalent,0.66304296,Match based on Embeddings
http://dbkwik.webdatacommons.org/starwars.wikia.com/resource/Tatooine,http://dbkwik.webdatacommons.org/swtor.wikia.com/resource/Tatooine,equivalent,0.6810464,Match based on Embeddings
http://dbkwik.webdatacommons.org/starwars.wikia.com/resource/Lieber,http://dbkwik.webdatacommons.org/swtor.wikia.com/resource/Lieber,equivalent,0.6590646,Match based on Embeddings
http://dbkwik.webdatacommons.org/starwars.wikia.com/resource/Kai_Saddek,http://dbkwik.webdatacommons.org/swtor.wikia.com/resource/Kai_Saddek,equivalent,0.6613984,Match based on Embeddings
http://dbkwik.webdatacommons.org/starwars.wikia.com/resource/Orus,http://dbkwik.webdatacommons.org/swtor.wikia.com/resource/Orus,equivalent,0.66115075,Match based on Embeddings
http://dbkwik.webdatacommons.org/starwars.wikia.com/resource/Larin_Moxla,http://dbkwik.webdatacommons.org/swtor.wikia.com/resource/Larin_Moxla,equivalent,0.6595971,Match based on Embeddings
http://dbkwik.webdatacommons.org/starwars.wikia.com/resource/Raskta_Lsu,http://dbkwik.webdatacommons.org/swtor.wikia.com/resource/Raskta_Lsu,equivalent,0.6652796,Match based on Embeddings
http://dbkwik.webdatacommons.org/starwars.wikia.com/resource/Promenade,http://dbkwik.webdatacommons.org/swtor.wikia.com/resource/Dashade,equivalent,0.5363,"The similarity score is high, and the context of both classes suggests that they are equivalent. A promenade is a type of walkway or path, and a dashade is a type of starship. Both classes share a similar theme of movement or travel, making them semantically equivalent."
http://dbkwik.webdatacommons.org/starwars.wikia.com/resource/Ffon_Althe,http://dbkwik.webdatacommons.org/swtor.wikia.com/resource/Ffon_Althe,equivalent,0.6643912,Match based on Embeddings
http://dbkwik.webdatacommons.org/starwars.wikia.com/resource/KT-400_military_droid_carrier,http://dbkwik.webdatacommons.org/swtor.wikia.com/resource/KT-400_Military_droid_carrier,equivalent,0.685591,Match based on Embeddings
http://dbkwik.webdatacommons.org/starwars.wikia.com/resource/Winborn,http://dbkwik.webdatacommons.org/swtor.wikia.com/resource/Winborn,equivalent,0.66539025,Match based on Embeddings
http://dbkwik.webdatacommons.org/starwars.wikia.com/resource/Bi-wing_snub_fighter,http://dbkwik.webdatacommons.org/swtor.wikia.com/resource/Bi-wing_snub_fighter,equivalent,0.68457276,Match based on Embeddings
http://dbkwik.webdatacommons.org/starwars.wikia.com/class/quote,http://dbkwik.webdatacommons.org/swtor.wikia.com/class/quote,equivalent,0.662427,Match based on Embeddings
http://dbkwik.webdatacommons.org/starwars.wikia.com/resource/Asharl_panther,http://dbkwik.webdatacommons.org/swtor.wikia.com/resource/Asharl_Panther,equivalent,0.67476153,Match based on Embeddings
http://dbkwik.webdatacommons.org/starwars.wikia.com/resource/Jedi_Council,http://dbkwik.webdatacommons.org/swtor.wikia.com/resource/Jedi_Council,equivalent,0.6925156,Match based on Embeddings
http://dbkwik.webdatacommons.org/starwars.wikia.com/resource/Darth_Jadus,http://dbkwik.webdatacommons.org/swtor.wikia.com/resource/Darth_Jadus,equivalent,0.685401,Match based on Embeddings
http://dbkwik.webdatacommons.org/starwars.wikia.com/resource/Mandalore_the_Indomitable%27s_Basilisk_war_droid,http://dbkwik.webdatacommons.org/swtor.wikia.com/resource/Mandalore_the_Indomitable%27s_Basilisk_war_droid,equivalent,0.6956383,Match based on Embeddings
http://dbkwik.webdatacommons.org/starwars.wikia.com/resource/Saes_Rrogon,http://dbkwik.webdatacommons.org/swtor.wikia.com/resource/Saes_Rrogon,equivalent,0.66703475,Match based on Embeddings
http://dbkwik.webdatacommons.org/starwars.wikia.com/resource/SGS-45_Quarrel,http://dbkwik.webdatacommons.org/swtor.wikia.com/resource/SGS-45_Quarrel,equivalent,0.67604315,Match based on Embeddings
http://dbkwik.webdatacommons.org/starwars.wikia.com/resource/Iodana,http://dbkwik.webdatacommons.org/swtor.wikia.com/resource/Iodana,equivalent,0.6649859,Match based on Embeddings
http://dbkwik.webdatacommons.org/starwars.wikia.com/resource/Trandoshan,http://dbkwik.webdatacommons.org/swtor.wikia.com/resource/Trandoshan,equivalent,0.66882,Match based on Embeddings
http://dbkwik.webdatacommons.org/starwars.wikia.com/property/complement,http://dbkwik.webdatacommons.org/swtor.wikia.com/property/complement,equivalent,0.6630327,Match based on Embeddings
http://dbkwik.webdatacommons.org/starwars.wikia.com/resource/Arfan_Ramos,http://dbkwik.webdatacommons.org/swtor.wikia.com/resource/Arfan_Ramos,equivalent,0.65741885,Match based on Embeddings
http://dbkwik.webdatacommons.org/starwars.wikia.com/resource/Conductor-class_short-haul_landing_craft,http://dbkwik.webdatacommons.org/swtor.wikia.com/resource/Conductor-class_short-haul_landing_craft,equivalent,0.68519056,Match based on Embeddings
http://dbkwik.webdatacommons.org/starwars.wikia.com/resource/Force_drain,http://dbkwik.webdatacommons.org/swtor.wikia.com/resource/Force_drain,equivalent,0.6737801,Match based on Embeddings
http://dbkwik.webdatacommons.org/starwars.wikia.com/resource/Lorjan_Sakku,http://dbkwik.webdatacommons.org/swtor.wikia.com/resource/Lorjan_Sakku,equivalent,0.6543454,Match based on Embeddings
http://dbkwik.webdatacommons.org/starwars.wikia.com/resource/Valk_Beroya,http://dbkwik.webdatacommons.org/swtor.wikia.com/resource/Valk_Beroya,equivalent,0.67105967,Match based on Embeddings
http://dbkwik.webdatacommons.org/starwars.wikia.com/resource/House_Girard,http://dbkwik.webdatacommons.org/swtor.wikia.com/resource/House_Girard,equivalent,0.6637792,Match based on Embeddings
http://dbkwik.webdatacommons.org/starwars.wikia.com/resource/Quatra,http://dbkwik.webdatacommons.org/swtor.wikia.com/resource/Quatra,equivalent,0.6642676,Match based on Embeddings
http://dbkwik.webdatacommons.org/starwars.wikia.com/resource/Gen%27Dai,http://dbkwik.webdatacommons.org/swtor.wikia.com/resource/Gen%27Dai,equivalent,0.6594488,Match based on Embeddings
http://dbkwik.webdatacommons.org/starwars.wikia.com/resource/Rian_Darok,http://dbkwik.webdatacommons.org/swtor.wikia.com/resource/Rian_Darok,equivalent,0.6756004,Match based on Embeddings
http://dbkwik.webdatacommons.org/starwars.wikia.com/resource/Karastace_Gonn,http://dbkwik.webdatacommons.org/swtor.wikia.com/resource/Karastace_Gonn,equivalent,0.66290754,Match based on Embeddings
http://dbkwik.webdatacommons.org/starwars.wikia.com/resource/Unidentified_Sith_emissary,http://dbkwik.webdatacommons.org/swtor.wikia.com/resource/Unidentified_Sith_emissary,equivalent,0.6883499,Match based on Embeddings
http://dbkwik.webdatacommons.org/starwars.wikia.com/resource/Ters_Sendon,http://dbkwik.webdatacommons.org/swtor.wikia.com/resource/Ters_Sendon,equivalent,0.66290337,Match based on Embeddings
http://dbkwik.webdatacommons.org/starwars.wikia.com/resource/Inexpugnable-class_tactical_command_ship,http://dbkwik.webdatacommons.org/swtor.wikia.com/resource/Inexpugnable-class_tactical_command_ship,equivalent,0.6852976,Match based on Embeddings
http://dbkwik.webdatacommons.org/starwars.wikia.com/resource/Kedriss_One,http://dbkwik.webdatacommons.org/swtor.wikia.com/resource/Kedriss_One,equivalent,0.6695652,Match based on Embeddings
http://dbkwik.webdatacommons.org/starwars.wikia.com/property/name,http://dbkwik.webdatacommons.org/swtor.wikia.com/property/name,equivalent,0.6564464,Match based on Embeddings
http://dbkwik.webdatacommons.org/starwars.wikia.com/resource/Starscape-class_yacht,http://dbkwik.webdatacommons.org/swtor.wikia.com/resource/Starscape-class_yacht,equivalent,0.67434156,Match based on Embeddings
http://dbkwik.webdatacommons.org/starwars.wikia.com/resource/Eleena_Daru,http://dbkwik.webdatacommons.org/swtor.wikia.com/resource/Eleena_Daru,equivalent,0.6668322,Match based on Embeddings
http://dbkwik.webdatacommons.org/starwars.wikia.com/resource/Senya_Tirall,http://dbkwik.webdatacommons.org/swtor.wikia.com/resource/Senya_Tirall,equivalent,0.6651688,Match based on Embeddings
http://dbkwik.webdatacommons.org/starwars.wikia.com/resource/Minos_Cluster_Campaign,http://dbkwik.webdatacommons.org/swtor.wikia.com/resource/Sith_Offensive_in_the_Minos_Cluster,equivalent,0.59580964,Match based on Embeddings
http://dbkwik.webdatacommons.org/starwars.wikia.com/resource/Dathka_Graush,http://dbkwik.webdatacommons.org/swtor.wikia.com/resource/Dathka_Graush,equivalent,0.66037714,Match based on Embeddings
http://dbkwik.webdatacommons.org/starwars.wikia.com/resource/Lem-Ofars,http://dbkwik.webdatacommons.org/swtor.wikia.com/resource/Lem-Ofars,equivalent,0.66194564,Match based on Embeddings
http://dbkwik.webdatacommons.org/starwars.wikia.com/resource/Echani,http://dbkwik.webdatacommons.org/swtor.wikia.com/resource/Echani,equivalent,0.66214067,Match based on Embeddings
http://dbkwik.webdatacommons.org/starwars.wikia.com/class/war,http://dbkwik.webdatacommons.org/swtor.wikia.com/class/war,equivalent,0.668845,Match based on Embeddings
http://dbkwik.webdatacommons.org/starwars.wikia.com/resource/Warr%27an,http://dbkwik.webdatacommons.org/swtor.wikia.com/resource/Warr%27an,equivalent,0.66661924,Match based on Embeddings
http://dbkwik.webdatacommons.org/starwars.wikia.com/resource/Anathemos,http://dbkwik.webdatacommons.org/swtor.wikia.com/resource/Anathemos,equivalent,0.6605557,Match based on Embeddings
http://dbkwik.webdatacommons.org/starwars.wikia.com/resource/Arcona,http://dbkwik.webdatacommons.org/swtor.wikia.com/resource/Arcona,equivalent,0.66693395,Match based on Embeddings
http://dbkwik.webdatacommons.org/starwars.wikia.com/resource/Anavus_Svag,http://dbkwik.webdatacommons.org/swtor.wikia.com/resource/Anavus_Svag,equivalent,0.6665707,Match based on Embeddings
http://dbkwik.webdatacommons.org/starwars.wikia.com/resource/Mind_trick,http://dbkwik.webdatacommons.org/swtor.wikia.com/resource/Mind_trick,equivalent,0.6674972,Match based on Embeddings
http://dbkwik.webdatacommons.org/starwars.wikia.com/resource/Battle_meditation,http://dbkwik.webdatacommons.org/swtor.wikia.com/resource/Battle_meditation,equivalent,0.6787271,Match based on Embeddings
http://dbkwik.webdatacommons.org/starwars.wikia.com/resource/Hallen_(Jedi),http://dbkwik.webdatacommons.org/swtor.wikia.com/resource/Hallen,equivalent,0.63123757,Match based on Embeddings
http://dbkwik.webdatacommons.org/starwars.wikia.com/resource/Jedi_Archives,http://dbkwik.webdatacommons.org/swtor.wikia.com/resource/Jedi_Archives,equivalent,0.6867737,Match based on Embeddings
http://dbkwik.webdatacommons.org/starwars.wikia.com/property/released,http://dbkwik.webdatacommons.org/swtor.wikia.com/property/release,equivalent,0.6315509,Match based on Embeddings
http://dbkwik.webdatacommons.org/starwars.wikia.com/resource/SCORPIO,http://dbkwik.webdatacommons.org/swtor.wikia.com/resource/SCORPIO,equivalent,0.66471845,Match based on Embeddings
http://dbkwik.webdatacommons.org/starwars.wikia.com/resource/Unidentified_Sith_Overseer,http://dbkwik.webdatacommons.org/swtor.wikia.com/resource/Unidentified_Sith_Overseer,equivalent,0.69069314,Match based on Embeddings
http://dbkwik.webdatacommons.org/starwars.wikia.com/resource/Ministry-class_orbital_shuttle,http://dbkwik.webdatacommons.org/swtor.wikia.com/resource/Ministry-class_orbital_shuttle,equivalent,0.6799301,Match based on Embeddings
http://dbkwik.webdatacommons.org/starwars.wikia.com/resource/Njanner-Pok,http://dbkwik.webdatacommons.org/swtor.wikia.com/resource/Njanner-Pok,equivalent,0.6632107,Match based on Embeddings
http://dbkwik.webdatacommons.org/starwars.wikia.com/resource/Jerikko,http://dbkwik.webdatacommons.org/swtor.wikia.com/resource/Jerikko,equivalent,0.6665924,Match based on Embeddings
http://dbkwik.webdatacommons.org/starwars.wikia.com/resource/Set_Harth,http://dbkwik.webdatacommons.org/swtor.wikia.com/resource/Set_Harth,equivalent,0.65838844,Match based on Embeddings
http://dbkwik.webdatacommons.org/starwars.wikia.com/resource/S-100_Stinger-class_starfighter,http://dbkwik.webdatacommons.org/swtor.wikia.com/resource/S-100_Stinger-class_starfighter,equivalent,0.68926966,Match based on Embeddings
http://dbkwik.webdatacommons.org/starwars.wikia.com/resource/Freedon_Nadd,http://dbkwik.webdatacommons.org/swtor.wikia.com/resource/Freedon_Nadd,equivalent,0.67307246,Match based on Embeddings
http://dbkwik.webdatacommons.org/starwars.wikia.com/resource/C2-D4,http://dbkwik.webdatacommons.org/swtor.wikia.com/resource/C2-D4,equivalent,0.6629527,Match based on Embeddings
http://dbkwik.webdatacommons.org/starwars.wikia.com/resource/Eton_Vok,http://dbkwik.webdatacommons.org/swtor.wikia.com/resource/Eton_Vok,equivalent,0.67140603,Match based on Embeddings
http://dbkwik.webdatacommons.org/starwars.wikia.com/resource/Wraid,http://dbkwik.webdatacommons.org/swtor.wikia.com/resource/Wraid,equivalent,0.664605,Match based on Embeddings
http://dbkwik.webdatacommons.org/starwars.wikia.com/resource/Meeb_Wix,http://dbkwik.webdatacommons.org/swtor.wikia.com/resource/Meeb_Wix,equivalent,0.6644507,Match based on Embeddings
http://dbkwik.webdatacommons.org/starwars.wikia.com/resource/Captain,http://dbkwik.webdatacommons.org/swtor.wikia.com/resource/Captain,equivalent,0.66712254,Match based on Embeddings
http://dbkwik.webdatacommons.org/starwars.wikia.com/resource/Harrower-class_dreadnought,http://dbkwik.webdatacommons.org/swtor.wikia.com/resource/Harrower-class_dreadnought,equivalent,0.68403715,Match based on Embeddings
http://dbkwik.webdatacommons.org/starwars.wikia.com/resource/Thron,http://dbkwik.webdatacommons.org/swtor.wikia.com/resource/Thron,equivalent,0.6667647,Match based on Embeddings
http://dbkwik.webdatacommons.org/starwars.wikia.com/resource/Jaric_Kaedan,http://dbkwik.webdatacommons.org/swtor.wikia.com/resource/Jaric_Kaedan,equivalent,0.6594934,Match based on Embeddings
http://dbkwik.webdatacommons.org/starwars.wikia.com/resource/Noab_Hulis,http://dbkwik.webdatacommons.org/swtor.wikia.com/resource/Noab_Hulis,equivalent,0.6719654,Match based on Embeddings
http://dbkwik.webdatacommons.org/starwars.wikia.com/resource/Yunaali,http://dbkwik.webdatacommons.org/swtor.wikia.com/resource/Yunaali,equivalent,0.6662883,Match based on Embeddings
http://dbkwik.webdatacommons.org/starwars.wikia.com/resource/Dustil_Onasi,http://dbkwik.webdatacommons.org/swtor.wikia.com/resource/Dustil_Onasi,equivalent,0.66451305,Match based on Embeddings
http://dbkwik.webdatacommons.org/starwars.wikia.com/resource/Moracen,http://dbkwik.webdatacommons.org/swtor.wikia.com/resource/Moracen,equivalent,0.6602457,Match based on Embeddings
http://dbkwik.webdatacommons.org/starwars.wikia.com/resource/Barel_Ovair%27s_father,http://dbkwik.webdatacommons.org/swtor.wikia.com/resource/Barel_Ovair%27s_father,equivalent,0.6665365,Match based on Embeddings
http://dbkwik.webdatacommons.org/starwars.wikia.com/resource/Nikil_Nobil,http://dbkwik.webdatacommons.org/swtor.wikia.com/resource/Nikil_Nobil,equivalent,0.6654294,Match based on Embeddings
http://dbkwik.webdatacommons.org/starwars.wikia.com/resource/Willem,http://dbkwik.webdatacommons.org/swtor.wikia.com/resource/Medical_Officer_Willem,equivalent,0.57973754,Match based on Embeddings
http://dbkwik.webdatacommons.org/starwars.wikia.com/resource/Tyrus_(major),http://dbkwik.webdatacommons.org/swtor.wikia.com/resource/Tyrus,equivalent,0.6152133,Match based on Embeddings
http://dbkwik.webdatacommons.org/starwars.wikia.com/resource/Exar_Kun,http://dbkwik.webdatacommons.org/swtor.wikia.com/resource/Exar_Kun,equivalent,0.6763022,Match based on Embeddings
http://dbkwik.webdatacommons.org/starwars.wikia.com/resource/Capture_of_Darth_Revan,http://dbkwik.webdatacommons.org/swtor.wikia.com/resource/Capture_of_Darth_Revan,equivalent,0.691668,Match based on Embeddings
http://dbkwik.webdatacommons.org/starwars.wikia.com/resource/Karagga,http://dbkwik.webdatacommons.org/swtor.wikia.com/resource/Karagga%27s_Palace,equivalent,0.5897,"The similarity score is high, and the target class context 'karagga's palace' is semantically very close to the source class context 'karagga'. This match is the most appropriate considering both context and score."
http://dbkwik.webdatacommons.org/starwars.wikia.com/resource/Cale_Berkona,http://dbkwik.webdatacommons.org/swtor.wikia.com/resource/Cale_Berkona,equivalent,0.65655714,Match based on Embeddings
http://dbkwik.webdatacommons.org/starwars.wikia.com/resource/Saylew,http://dbkwik.webdatacommons.org/swtor.wikia.com/resource/Saylew,equivalent,0.65989435,Match based on Embeddings
http://dbkwik.webdatacommons.org/starwars.wikia.com/resource/Sith_apprentice,http://dbkwik.webdatacommons.org/swtor.wikia.com/resource/Sith_apprentice,equivalent,0.6909086,Match based on Embeddings
http://dbkwik.webdatacommons.org/starwars.wikia.com/resource/Westro,http://dbkwik.webdatacommons.org/swtor.wikia.com/resource/Westro,equivalent,0.6618097,Match based on Embeddings
http://dbkwik.webdatacommons.org/starwars.wikia.com/resource/Garon_Jard,http://dbkwik.webdatacommons.org/swtor.wikia.com/resource/Garon_Jard,equivalent,0.6738404,Match based on Embeddings
http://dbkwik.webdatacommons.org/starwars.wikia.com/resource/Skadge,http://dbkwik.webdatacommons.org/swtor.wikia.com/resource/Skadge,equivalent,0.6662366,Match based on Embeddings
http://dbkwik.webdatacommons.org/starwars.wikia.com/resource/Vray_(Duros),http://dbkwik.webdatacommons.org/swtor.wikia.com/resource/Commander_Vray,equivalent,0.571616,Match based on Embeddings
http://dbkwik.webdatacommons.org/starwars.wikia.com/resource/Gray-robed_Dark_Jedi,http://dbkwik.webdatacommons.org/swtor.wikia.com/resource/Gray-robed_Dark_Jedi,equivalent,0.69149214,Match based on Embeddings
http://dbkwik.webdatacommons.org/starwars.wikia.com/resource/Somov_Rit,http://dbkwik.webdatacommons.org/swtor.wikia.com/resource/Somov_Rit,equivalent,0.6628345,Match based on Embeddings
http://dbkwik.webdatacommons.org/starwars.wikia.com/resource/Gargath,http://dbkwik.webdatacommons.org/swtor.wikia.com/resource/Gargath,equivalent,0.6648592,Match based on Embeddings
http://dbkwik.webdatacommons.org/starwars.wikia.com/resource/Envoy,http://dbkwik.webdatacommons.org/swtor.wikia.com/resource/Envoy,equivalent,0.67286104,Match based on Embeddings
http://dbkwik.webdatacommons.org/starwars.wikia.com/resource/Rellu,http://dbkwik.webdatacommons.org/swtor.wikia.com/resource/Rellu,equivalent,0.6588419,Match based on Embeddings
http://dbkwik.webdatacommons.org/starwars.wikia.com/resource/Ajunta_Pall,http://dbkwik.webdatacommons.org/swtor.wikia.com/resource/Ajunta_Pall,equivalent,0.658243,Match based on Embeddings
http://dbkwik.webdatacommons.org/starwars.wikia.com/resource/Dalborra,http://dbkwik.webdatacommons.org/swtor.wikia.com/resource/Dalborra,equivalent,0.66317916,Match based on Embeddings
http://dbkwik.webdatacommons.org/starwars.wikia.com/resource/GSS-5C_Dustmaker,http://dbkwik.webdatacommons.org/swtor.wikia.com/resource/GSS-5C_Dustmaker,equivalent,0.67325836,Match based on Embeddings
http://dbkwik.webdatacommons.org/starwars.wikia.com/resource/Solania,http://dbkwik.webdatacommons.org/swtor.wikia.com/resource/Solania,equivalent,0.66495293,Match based on Embeddings
http://dbkwik.webdatacommons.org/starwars.wikia.com/resource/Ulic_Qel-Droma,http://dbkwik.webdatacommons.org/swtor.wikia.com/resource/Ulic_Qel-Droma,equivalent,0.6661784,Match based on Embeddings
http://dbkwik.webdatacommons.org/starwars.wikia.com/resource/Nemo,http://dbkwik.webdatacommons.org/swtor.wikia.com/resource/Nemo,equivalent,0.66711026,Match based on Embeddings
http://dbkwik.webdatacommons.org/starwars.wikia.com/resource/Drate,http://dbkwik.webdatacommons.org/swtor.wikia.com/resource/Drate,equivalent,0.6665801,Match based on Embeddings
http://dbkwik.webdatacommons.org/starwars.wikia.com/resource/Sarala,http://dbkwik.webdatacommons.org/swtor.wikia.com/resource/Sarala,equivalent,0.66241634,Match based on Embeddings
http://dbkwik.webdatacommons.org/starwars.wikia.com/resource/Taral_V,http://dbkwik.webdatacommons.org/swtor.wikia.com/resource/Taral_V,equivalent,0.6668928,Match based on Embeddings
http://dbkwik.webdatacommons.org/starwars.wikia.com/resource/Clan_Vizla,http://dbkwik.webdatacommons.org/swtor.wikia.com/resource/Clan_Vizla,equivalent,0.6744845,Match based on Embeddings
http://dbkwik.webdatacommons.org/starwars.wikia.com/resource/Eliss_Pim,http://dbkwik.webdatacommons.org/swtor.wikia.com/resource/Eliss_Pim,equivalent,0.66311985,Match based on Embeddings
http://dbkwik.webdatacommons.org/starwars.wikia.com/resource/Derriphan-class_battleship,http://dbkwik.webdatacommons.org/swtor.wikia.com/resource/Derriphan-class_battleship,equivalent,0.68568444,Match based on Embeddings
http://dbkwik.webdatacommons.org/starwars.wikia.com/resource/Tassaa_Bareesh,http://dbkwik.webdatacommons.org/swtor.wikia.com/resource/Tassaa_Bareesh,equivalent,0.6616504,Match based on Embeddings
http://dbkwik.webdatacommons.org/starwars.wikia.com/resource/Bowdaar,http://dbkwik.webdatacommons.org/swtor.wikia.com/resource/Bowdaar,equivalent,0.6638969,Match based on Embeddings
http://dbkwik.webdatacommons.org/starwars.wikia.com/resource/Gen_Vizla,http://dbkwik.webdatacommons.org/swtor.wikia.com/resource/Gen_Vizla,equivalent,0.66946566,Match based on Embeddings
http://dbkwik.webdatacommons.org/starwars.wikia.com/resource/Worror_Dowmat,http://dbkwik.webdatacommons.org/swtor.wikia.com/resource/Worror_Dowmat,equivalent,0.66789806,Match based on Embeddings
http://dbkwik.webdatacommons.org/starwars.wikia.com/resource/Tulak_Hord,http://dbkwik.webdatacommons.org/swtor.wikia.com/resource/Tulak_Hord,equivalent,0.6661969,Match based on Embeddings
http://dbkwik.webdatacommons.org/starwars.wikia.com/resource/Darth_Voren,http://dbkwik.webdatacommons.org/swtor.wikia.com/resource/Darth_Voren,equivalent,0.68246216,Match based on Embeddings
http://dbkwik.webdatacommons.org/starwars.wikia.com/resource/Double-bladed_lightsaber,http://dbkwik.webdatacommons.org/swtor.wikia.com/resource/Double-bladed_lightsaber,equivalent,0.68105483,Match based on Embeddings
http://dbkwik.webdatacommons.org/starwars.wikia.com/resource/Silvarte,http://dbkwik.webdatacommons.org/swtor.wikia.com/resource/Silvarte,equivalent,0.6529237,Match based on Embeddings
http://dbkwik.webdatacommons.org/starwars.wikia.com/resource/Emperor%27s_Fortress,http://dbkwik.webdatacommons.org/swtor.wikia.com/resource/The_Emperor’s_Space_Station,equivalent,0.57090265,Match based on Embeddings
http://dbkwik.webdatacommons.org/starwars.wikia.com/resource/Xaset_Terep,http://dbkwik.webdatacommons.org/swtor.wikia.com/resource/Xaset_Terep,equivalent,0.66218036,Match based on Embeddings
http://dbkwik.webdatacommons.org/starwars.wikia.com/resource/Holiday_(hologram),http://dbkwik.webdatacommons.org/swtor.wikia.com/resource/Holiday,equivalent,0.5746452,Match based on Embeddings
http://dbkwik.webdatacommons.org/starwars.wikia.com/resource/Foray-class_blockade_runner,http://dbkwik.webdatacommons.org/swtor.wikia.com/resource/Foray-class_blockade_runner,equivalent,0.6771852,Match based on Embeddings
http://dbkwik.webdatacommons.org/starwars.wikia.com/resource/Sith_Academy_(Korriban),http://dbkwik.webdatacommons.org/swtor.wikia.com/resource/Sith_Academy,equivalent,0.64568245,Match based on Embeddings
http://dbkwik.webdatacommons.org/starwars.wikia.com/resource/Sith_(species),http://dbkwik.webdatacommons.org/swtor.wikia.com/class/species,equivalent,0.6145,"The target class 'species' has the highest similarity score and is semantically equivalent to the source class 'Sith (species)', as both refer to a specific type of being in the Star Wars universe."
http://dbkwik.webdatacommons.org/starwars.wikia.com/resource/Crado,http://dbkwik.webdatacommons.org/swtor.wikia.com/resource/Crado,equivalent,0.669265,Match based on Embeddings
http://dbkwik.webdatacommons.org/starwars.wikia.com/resource/Vrblther,http://dbkwik.webdatacommons.org/swtor.wikia.com/resource/Vrblther,equivalent,0.66192204,Match based on Embeddings
http://dbkwik.webdatacommons.org/starwars.wikia.com/resource/Devaronian,http://dbkwik.webdatacommons.org/swtor.wikia.com/resource/Devaronian,equivalent,0.6696538,Match based on Embeddings
http://dbkwik.webdatacommons.org/starwars.wikia.com/resource/Ralebedth,http://dbkwik.webdatacommons.org/swtor.wikia.com/resource/Ralebedth,equivalent,0.6631775,Match based on Embeddings
http://dbkwik.webdatacommons.org/starwars.wikia.com/resource/Valiant_(Valor-class),http://dbkwik.webdatacommons.org/swtor.wikia.com/resource/Valiant,equivalent,0.60610616,Match based on Embeddings
http://dbkwik.webdatacommons.org/starwars.wikia.com/resource/First_Jedi_Purge,http://dbkwik.webdatacommons.org/swtor.wikia.com/resource/Jedi_Purge,equivalent,0.6425741,Match based on Embeddings
http://dbkwik.webdatacommons.org/starwars.wikia.com/resource/Trinthan_prowler,http://dbkwik.webdatacommons.org/swtor.wikia.com/resource/Trinthan_Prowler,equivalent,0.66999894,Match based on Embeddings
http://dbkwik.webdatacommons.org/starwars.wikia.com/resource/Darth_Serevin,http://dbkwik.webdatacommons.org/swtor.wikia.com/resource/Darth_Serevin,equivalent,0.6829361,Match based on Embeddings
http://dbkwik.webdatacommons.org/starwars.wikia.com/resource/Jokull,http://dbkwik.webdatacommons.org/swtor.wikia.com/resource/Jokull,equivalent,0.6606444,Match based on Embeddings
http://dbkwik.webdatacommons.org/starwars.wikia.com/resource/Thraijon,http://dbkwik.webdatacommons.org/swtor.wikia.com/resource/Thraijon,equivalent,0.6690798,Match based on Embeddings
http://dbkwik.webdatacommons.org/starwars.wikia.com/property/gender,http://dbkwik.webdatacommons.org/swtor.wikia.com/property/gender,equivalent,0.66394055,Match based on Embeddings
http://dbkwik.webdatacommons.org/starwars.wikia.com/resource/Planet_Prison,http://dbkwik.webdatacommons.org/swtor.wikia.com/resource/Planet_Prison,equivalent,0.6682064,Match based on Embeddings
http://dbkwik.webdatacommons.org/starwars.wikia.com/resource/Gorog,http://dbkwik.webdatacommons.org/swtor.wikia.com/resource/Argog,equivalent,0.5912,"The similarity score is high, and the context of both classes suggests that they are equivalent. Both classes refer to a specific character in the Star Wars universe, and the labels 'gorog' and 'argog' are likely referring to the same entity."
http://dbkwik.webdatacommons.org/starwars.wikia.com/resource/Silencer,http://dbkwik.webdatacommons.org/swtor.wikia.com/resource/Silencer_(superweapon),equivalent,0.6318009,Match based on Embeddings
http://dbkwik.webdatacommons.org/starwars.wikia.com/resource/Ceta_Farr,http://dbkwik.webdatacommons.org/swtor.wikia.com/resource/Ceta_Farr,equivalent,0.6586096,Match based on Embeddings
http://dbkwik.webdatacommons.org/starwars.wikia.com/resource/Star_Wars:_The_Old_Republic,http://dbkwik.webdatacommons.org/swtor.wikia.com/resource/Star_Wars:_The_Old_Republic,equivalent,0.6952572,Match based on Embeddings
http://dbkwik.webdatacommons.org/starwars.wikia.com/resource/Ishla,http://dbkwik.webdatacommons.org/swtor.wikia.com/resource/Ishla,equivalent,0.668194,Match based on Embeddings
http://dbkwik.webdatacommons.org/starwars.wikia.com/resource/Chamma,http://dbkwik.webdatacommons.org/swtor.wikia.com/resource/Chamma,equivalent,0.6657209,Match based on Embeddings
http://dbkwik.webdatacommons.org/starwars.wikia.com/resource/Giradda,http://dbkwik.webdatacommons.org/swtor.wikia.com/resource/Giradda,equivalent,0.66254336,Match based on Embeddings
http://dbkwik.webdatacommons.org/starwars.wikia.com/resource/Sith_Governor,http://dbkwik.webdatacommons.org/swtor.wikia.com/resource/Sith_Governor,equivalent,0.68957025,Match based on Embeddings
http://dbkwik.webdatacommons.org/starwars.wikia.com/resource/Tagriss,http://dbkwik.webdatacommons.org/swtor.wikia.com/resource/Tagriss,equivalent,0.6628372,Match based on Embeddings
http://dbkwik.webdatacommons.org/starwars.wikia.com/resource/Cal-class_battleship,http://dbkwik.webdatacommons.org/swtor.wikia.com/resource/Cal-class_battleship,equivalent,0.67988193,Match based on Embeddings
http://dbkwik.webdatacommons.org/starwars.wikia.com/resource/Adas,http://dbkwik.webdatacommons.org/swtor.wikia.com/resource/Adas,equivalent,0.6682107,Match based on Embeddings
http://dbkwik.webdatacommons.org/starwars.wikia.com/resource/Darth_Viktus,http://dbkwik.webdatacommons.org/swtor.wikia.com/resource/Darth_Viktus,equivalent,0.67712593,Match based on Embeddings
http://dbkwik.webdatacommons.org/starwars.wikia.com/resource/Deedoh,http://dbkwik.webdatacommons.org/swtor.wikia.com/resource/Deedoh,equivalent,0.6613514,Match based on Embeddings
http://dbkwik.webdatacommons.org/starwars.wikia.com/resource/Bahlea,http://dbkwik.webdatacommons.org/swtor.wikia.com/resource/Bahlea,equivalent,0.66442066,Match based on Embeddings
http://dbkwik.webdatacommons.org/starwars.wikia.com/resource/Migrant_Merchants%27_Guild,http://dbkwik.webdatacommons.org/swtor.wikia.com/resource/Migrant_Merchants’_Guild,equivalent,0.6665497,Match based on Embeddings
http://dbkwik.webdatacommons.org/starwars.wikia.com/resource/XoXaan,http://dbkwik.webdatacommons.org/swtor.wikia.com/resource/XoXaan,equivalent,0.6612959,Match based on Embeddings
http://dbkwik.webdatacommons.org/starwars.wikia.com/resource/Mandragall,http://dbkwik.webdatacommons.org/swtor.wikia.com/resource/Mandragall,equivalent,0.6619367,Match based on Embeddings
http://dbkwik.webdatacommons.org/starwars.wikia.com/resource/Force_vision,http://dbkwik.webdatacommons.org/swtor.wikia.com/resource/Force_vision,equivalent,0.67512053,Match based on Embeddings
http://dbkwik.webdatacommons.org/starwars.wikia.com/resource/Femi,http://dbkwik.webdatacommons.org/swtor.wikia.com/resource/Femi,equivalent,0.6667287,Match based on Embeddings
http://dbkwik.webdatacommons.org/starwars.wikia.com/resource/G%27Bilard,http://dbkwik.webdatacommons.org/swtor.wikia.com/resource/G%27Bilard,equivalent,0.66138047,Match based on Embeddings
http://dbkwik.webdatacommons.org/starwars.wikia.com/property/owners,http://dbkwik.webdatacommons.org/swtor.wikia.com/property/owners,equivalent,0.6671552,Match based on Embeddings
http://dbkwik.webdatacommons.org/starwars.wikia.com/resource/Raana_Tey,http://dbkwik.webdatacommons.org/swtor.wikia.com/resource/Raana_Tey,equivalent,0.6574201,Match based on Embeddings
http://dbkwik.webdatacommons.org/starwars.wikia.com/resource/Athiss,http://dbkwik.webdatacommons.org/swtor.wikia.com/resource/Athiss,equivalent,0.66630226,Match based on Embeddings
http://dbkwik.webdatacommons.org/starwars.wikia.com/resource/Unidentified_Humanoid_Jedi_(Great_Hyperspace_War),http://dbkwik.webdatacommons.org/swtor.wikia.com/resource/Unidentified_Humanoid_Jedi_(Great_Hyperspace_War),equivalent,0.6946823,Match based on Embeddings
http://dbkwik.webdatacommons.org/starwars.wikia.com/resource/Hetton,http://dbkwik.webdatacommons.org/swtor.wikia.com/resource/Hetton,equivalent,0.66361666,Match based on Embeddings
http://dbkwik.webdatacommons.org/starwars.wikia.com/resource/Matare_(Human),http://dbkwik.webdatacommons.org/swtor.wikia.com/resource/Matare_(Human),equivalent,0.67245823,Match based on Embeddings
http://dbkwik.webdatacommons.org/starwars.wikia.com/resource/Hylo_Visz,http://dbkwik.webdatacommons.org/swtor.wikia.com/resource/Hylo_Visz,equivalent,0.6580023,Match based on Embeddings
http://dbkwik.webdatacommons.org/starwars.wikia.com/resource/Wyellett,http://dbkwik.webdatacommons.org/swtor.wikia.com/resource/Wyellett,equivalent,0.65829885,Match based on Embeddings
http://dbkwik.webdatacommons.org/starwars.wikia.com/resource/Gray_Secant,http://dbkwik.webdatacommons.org/swtor.wikia.com/resource/Gray_Secant,equivalent,0.66358423,Match based on Embeddings
http://dbkwik.webdatacommons.org/starwars.wikia.com/class/character,http://dbkwik.webdatacommons.org/swtor.wikia.com/class/character,equivalent,0.66428393,Match based on Embeddings
http://dbkwik.webdatacommons.org/starwars.wikia.com/resource/Revanchist,http://dbkwik.webdatacommons.org/swtor.wikia.com/resource/Revanchist,equivalent,0.6705855,Match based on Embeddings
http://dbkwik.webdatacommons.org/starwars.wikia.com/resource/Meetra_Surik%27s_Jedi_Master,http://dbkwik.webdatacommons.org/swtor.wikia.com/resource/Meetra_Surik%27s_Jedi_Master,equivalent,0.68626225,Match based on Embeddings
http://dbkwik.webdatacommons.org/starwars.wikia.com/resource/Drev_Hassin,http://dbkwik.webdatacommons.org/swtor.wikia.com/resource/Drev_Hassin,equivalent,0.6676395,Match based on Embeddings
http://dbkwik.webdatacommons.org/starwars.wikia.com/resource/Avorr,http://dbkwik.webdatacommons.org/swtor.wikia.com/resource/Avorr,equivalent,0.6626179,Match based on Embeddings
http://dbkwik.webdatacommons.org/starwars.wikia.com/resource/Peragus_Mining_Facility,http://dbkwik.webdatacommons.org/swtor.wikia.com/resource/Peragus_Mining_Facility,equivalent,0.6744941,Match based on Embeddings
http://dbkwik.webdatacommons.org/starwars.wikia.com/resource/The_Entity,http://dbkwik.webdatacommons.org/swtor.wikia.com/resource/The_Entity,equivalent,0.6674342,Match based on Embeddings
http://dbkwik.webdatacommons.org/starwars.wikia.com/resource/Eldon_Ax,http://dbkwik.webdatacommons.org/swtor.wikia.com/resource/Eldon_Ax,equivalent,0.6584931,Match based on Embeddings
http://dbkwik.webdatacommons.org/starwars.wikia.com/resource/Haazen,http://dbkwik.webdatacommons.org/swtor.wikia.com/resource/Haazen,equivalent,0.65099424,Match based on Embeddings
http://dbkwik.webdatacommons.org/starwars.wikia.com/resource/Sam_Saddek,http://dbkwik.webdatacommons.org/swtor.wikia.com/resource/Sam_Saddek,equivalent,0.6557061,Match based on Embeddings
http://dbkwik.webdatacommons.org/starwars.wikia.com/resource/Rehkta,http://dbkwik.webdatacommons.org/swtor.wikia.com/resource/Rehkta,equivalent,0.6564631,Match based on Embeddings
http://dbkwik.webdatacommons.org/starwars.wikia.com/resource/Varos_(Sith_Empire),http://dbkwik.webdatacommons.org/swtor.wikia.com/resource/Varos,equivalent,0.6081889,Match based on Embeddings
http://dbkwik.webdatacommons.org/starwars.wikia.com/resource/Emic_Sandor,http://dbkwik.webdatacommons.org/swtor.wikia.com/resource/Sandor,equivalent,0.60092324,Match based on Embeddings
http://dbkwik.webdatacommons.org/starwars.wikia.com/resource/Zooki,http://dbkwik.webdatacommons.org/swtor.wikia.com/resource/Zooki,equivalent,0.66108036,Match based on Embeddings
http://dbkwik.webdatacommons.org/starwars.wikia.com/resource/Alethios,http://dbkwik.webdatacommons.org/swtor.wikia.com/resource/Alethios,equivalent,0.6605217,Match based on Embeddings
http://dbkwik.webdatacommons.org/starwars.wikia.com/resource/Kyramud-type_battleship,http://dbkwik.webdatacommons.org/swtor.wikia.com/resource/Kyramud-type_battleship,equivalent,0.6835233,Match based on Embeddings
http://dbkwik.webdatacommons.org/starwars.wikia.com/resource/Odessen,http://dbkwik.webdatacommons.org/swtor.wikia.com/resource/Odessen,equivalent,0.66099024,Match based on Embeddings
http://dbkwik.webdatacommons.org/starwars.wikia.com/resource/Helid,http://dbkwik.webdatacommons.org/swtor.wikia.com/resource/Helid,equivalent,0.65784454,Match based on Embeddings
http://dbkwik.webdatacommons.org/starwars.wikia.com/resource/Brianna,http://dbkwik.webdatacommons.org/swtor.wikia.com/resource/Brianna,equivalent,0.671057,Match based on Embeddings
http://dbkwik.webdatacommons.org/starwars.wikia.com/resource/Sedyn_Kyne,http://dbkwik.webdatacommons.org/swtor.wikia.com/resource/Sedyn_Kyne,equivalent,0.6596732,Match based on Embeddings
http://dbkwik.webdatacommons.org/starwars.wikia.com/resource/Calphayus,http://dbkwik.webdatacommons.org/swtor.wikia.com/resource/Dread_Master_Calphayus,equivalent,0.583652,Match based on Embeddings
http://dbkwik.webdatacommons.org/starwars.wikia.com/resource/Cassius_Madine,http://dbkwik.webdatacommons.org/swtor.wikia.com/resource/Madine,equivalent,0.5894194,Match based on Embeddings
http://dbkwik.webdatacommons.org/starwars.wikia.com/resource/Darth_Mekhis,http://dbkwik.webdatacommons.org/swtor.wikia.com/resource/Darth_Mekhis,equivalent,0.6812949,Match based on Embeddings
http://dbkwik.webdatacommons.org/starwars.wikia.com/resource/Orilltha,http://dbkwik.webdatacommons.org/swtor.wikia.com/resource/Orilltha,equivalent,0.66222775,Match based on Embeddings
http://dbkwik.webdatacommons.org/starwars.wikia.com/resource/Belth_Allusis,http://dbkwik.webdatacommons.org/swtor.wikia.com/resource/Belth_Allusis,equivalent,0.66606766,Match based on Embeddings
http://dbkwik.webdatacommons.org/starwars.wikia.com/resource/Mical,http://dbkwik.webdatacommons.org/swtor.wikia.com/resource/Mical,equivalent,0.66475475,Match based on Embeddings
http://dbkwik.webdatacommons.org/starwars.wikia.com/resource/Gamblor,http://dbkwik.webdatacommons.org/swtor.wikia.com/resource/Gamblor,equivalent,0.65960544,Match based on Embeddings
http://dbkwik.webdatacommons.org/starwars.wikia.com/resource/Republic_Strategic_Information_Service,http://dbkwik.webdatacommons.org/swtor.wikia.com/resource/Republic_Strategic_Information_Service,equivalent,0.6838865,Match based on Embeddings
http://dbkwik.webdatacommons.org/starwars.wikia.com/resource/Starfighter/Legends,http://dbkwik.webdatacommons.org/swtor.wikia.com/resource/Davaab-type_starfighter,equivalent,0.5892,"The Davaab-type starfighter is the most semantically fitting match for the Starfighter/Legends class, considering both the high similarity score and the contextual meaning. The label 'Davaab-type starfighter' suggests a specific type of starfighter, which aligns with the Legends context. The other candidate matches, while similar, do not capture the same level of specificity and relevance to the Legends context."
http://dbkwik.webdatacommons.org/starwars.wikia.com/resource/Undercity_sewers,http://dbkwik.webdatacommons.org/swtor.wikia.com/resource/Undercity_Sewers,equivalent,0.6648539,Match based on Embeddings
http://dbkwik.webdatacommons.org/starwars.wikia.com/resource/Cada_Bliss,http://dbkwik.webdatacommons.org/swtor.wikia.com/resource/Cada_Bliss,equivalent,0.6727293,Match based on Embeddings
http://dbkwik.webdatacommons.org/starwars.wikia.com/resource/Dorin%27s_Sky,http://dbkwik.webdatacommons.org/swtor.wikia.com/resource/Dorin%27s_Sky,equivalent,0.6670486,Match based on Embeddings
http://dbkwik.webdatacommons.org/starwars.wikia.com/resource/Dashade,http://dbkwik.webdatacommons.org/swtor.wikia.com/resource/Dashade,equivalent,0.6686155,Match based on Embeddings
http://dbkwik.webdatacommons.org/starwars.wikia.com/resource/Duqua_Dar,http://dbkwik.webdatacommons.org/swtor.wikia.com/resource/Duqua_Dar,equivalent,0.66771245,Match based on Embeddings
http://dbkwik.webdatacommons.org/starwars.wikia.com/resource/Eternal_Alliance,http://dbkwik.webdatacommons.org/swtor.wikia.com/resource/Eternal_Alliance,equivalent,0.6781847,Match based on Embeddings
http://dbkwik.webdatacommons.org/starwars.wikia.com/resource/Zax,http://dbkwik.webdatacommons.org/swtor.wikia.com/resource/Zax,equivalent,0.6653787,Match based on Embeddings
http://dbkwik.webdatacommons.org/starwars.wikia.com/resource/Citadel_Station,http://dbkwik.webdatacommons.org/swtor.wikia.com/resource/Citadel_Station,equivalent,0.6769406,Match based on Embeddings
http://dbkwik.webdatacommons.org/starwars.wikia.com/resource/Togruta/Legends,http://dbkwik.webdatacommons.org/swtor.wikia.com/resource/Togruta,equivalent,0.62516546,Match based on Embeddings
http://dbkwik.webdatacommons.org/starwars.wikia.com/resource/Xamar,http://dbkwik.webdatacommons.org/swtor.wikia.com/resource/Xamar,equivalent,0.6625116,Match based on Embeddings
http://dbkwik.webdatacommons.org/starwars.wikia.com/resource/Valor-class_cruiser,http://dbkwik.webdatacommons.org/swtor.wikia.com/resource/Valor-class_Cruiser,equivalent,0.68604875,Match based on Embeddings
http://dbkwik.webdatacommons.org/starwars.wikia.com/property/developer,http://dbkwik.webdatacommons.org/swtor.wikia.com/property/developer,equivalent,0.66564876,Match based on Embeddings
http://dbkwik.webdatacommons.org/starwars.wikia.com/resource/Unidentified_Jedi_(Great_Hunt),http://dbkwik.webdatacommons.org/swtor.wikia.com/resource/Unidentified_Jedi_(Great_Hunt),equivalent,0.6922226,Match based on Embeddings
http://dbkwik.webdatacommons.org/starwars.wikia.com/resource/Kaleth,http://dbkwik.webdatacommons.org/swtor.wikia.com/resource/Kaleesh,equivalent,0.5964,"The similarity score is high, and the target class 'Kaleesh' is semantically equivalent to the source class 'Kaleth', as both refer to a specific group of people in the Star Wars universe."
http://dbkwik.webdatacommons.org/starwars.wikia.com/resource/Aurren_Tuile_Panteer,http://dbkwik.webdatacommons.org/swtor.wikia.com/resource/Lord_Auuren_Panteer,equivalent,0.5965409,Match based on Embeddings
http://dbkwik.webdatacommons.org/starwars.wikia.com/resource/Aru-Wen,http://dbkwik.webdatacommons.org/swtor.wikia.com/resource/Aru-Wen,equivalent,0.665966,Match based on Embeddings
http://dbkwik.webdatacommons.org/starwars.wikia.com/resource/Farn,http://dbkwik.webdatacommons.org/swtor.wikia.com/resource/Farn,equivalent,0.6678696,Match based on Embeddings
http://dbkwik.webdatacommons.org/starwars.wikia.com/resource/Qrrrl_Toq,http://dbkwik.webdatacommons.org/swtor.wikia.com/resource/Qrrrl_Toq,equivalent,0.6672317,Match based on Embeddings
http://dbkwik.webdatacommons.org/starwars.wikia.com/resource/Black_Vulkars,http://dbkwik.webdatacommons.org/swtor.wikia.com/resource/Black_Vulkar_swoop_gang,equivalent,0.606091,Match based on Embeddings
http://dbkwik.webdatacommons.org/starwars.wikia.com/resource/Sith_lightsaber,http://dbkwik.webdatacommons.org/swtor.wikia.com/resource/Sith_lightsaber,equivalent,0.69087905,Match based on Embeddings
http://dbkwik.webdatacommons.org/starwars.wikia.com/resource/Brukarra,http://dbkwik.webdatacommons.org/swtor.wikia.com/resource/Brukarra,equivalent,0.65987325,Match based on Embeddings
http://dbkwik.webdatacommons.org/starwars.wikia.com/property/next,http://dbkwik.webdatacommons.org/swtor.wikia.com/property/next,equivalent,0.6619407,Match based on Embeddings
http://dbkwik.webdatacommons.org/starwars.wikia.com/resource/Padawan,http://dbkwik.webdatacommons.org/swtor.wikia.com/resource/Padawan,equivalent,0.6806709,Match based on Embeddings
http://dbkwik.webdatacommons.org/starwars.wikia.com/resource/Aleema_Keto,http://dbkwik.webdatacommons.org/swtor.wikia.com/resource/Aleema_Keto,equivalent,0.67068106,Match based on Embeddings
http://dbkwik.webdatacommons.org/starwars.wikia.com/resource/Gil_(Mandalorian),http://dbkwik.webdatacommons.org/swtor.wikia.com/resource/Gil,equivalent,0.6048293,Match based on Embeddings
http://dbkwik.webdatacommons.org/starwars.wikia.com/resource/Unidentified_Sith_(Eliad),http://dbkwik.webdatacommons.org/swtor.wikia.com/resource/Unidentified_Sith_(Eliad),equivalent,0.68743944,Match based on Embeddings
http://dbkwik.webdatacommons.org/starwars.wikia.com/resource/Satele_Shan,http://dbkwik.webdatacommons.org/swtor.wikia.com/resource/Satele_Shan,equivalent,0.6687085,Match based on Embeddings
http://dbkwik.webdatacommons.org/starwars.wikia.com/resource/Sirak,http://dbkwik.webdatacommons.org/swtor.wikia.com/resource/Sirak,equivalent,0.66715246,Match based on Embeddings
http://dbkwik.webdatacommons.org/starwars.wikia.com/resource/Orgus_Din,http://dbkwik.webdatacommons.org/swtor.wikia.com/resource/Orgus_Din,equivalent,0.6642937,Match based on Embeddings
http://dbkwik.webdatacommons.org/starwars.wikia.com/resource/Nebulon_Ranger,http://dbkwik.webdatacommons.org/swtor.wikia.com/resource/Nebulon_Ranger,equivalent,0.6703544,Match based on Embeddings
http://dbkwik.webdatacommons.org/starwars.wikia.com/resource/GSS-3_Mangler,http://dbkwik.webdatacommons.org/swtor.wikia.com/resource/GSS-3_Mangler,equivalent,0.6761146,Match based on Embeddings
http://dbkwik.webdatacommons.org/starwars.wikia.com/resource/Bolook,http://dbkwik.webdatacommons.org/swtor.wikia.com/resource/Bolook,equivalent,0.6580525,Match based on Embeddings
http://dbkwik.webdatacommons.org/starwars.wikia.com/resource/Sand_demon,http://dbkwik.webdatacommons.org/swtor.wikia.com/resource/Sand_Demon,equivalent,0.6698963,Match based on Embeddings
http://dbkwik.webdatacommons.org/starwars.wikia.com/resource/Nandrobarr_Korzod,http://dbkwik.webdatacommons.org/swtor.wikia.com/resource/Nandrobarr_Korzod,equivalent,0.6645938,Match based on Embeddings
http://dbkwik.webdatacommons.org/starwars.wikia.com/resource/Beshar,http://dbkwik.webdatacommons.org/swtor.wikia.com/resource/Agent_Beshar,equivalent,0.598667,Match based on Embeddings
http://dbkwik.webdatacommons.org/starwars.wikia.com/resource/Force_sense,http://dbkwik.webdatacommons.org/swtor.wikia.com/resource/Force_sense,equivalent,0.67071366,Match based on Embeddings
http://dbkwik.webdatacommons.org/starwars.wikia.com/resource/Quesh_war,http://dbkwik.webdatacommons.org/swtor.wikia.com/resource/Quesh_war,equivalent,0.67746186,Match based on Embeddings
http://dbkwik.webdatacommons.org/starwars.wikia.com/resource/Satal_Keto,http://dbkwik.webdatacommons.org/swtor.wikia.com/resource/Satal_Keto,equivalent,0.6733785,Match based on Embeddings
http://dbkwik.webdatacommons.org/starwars.wikia.com/resource/Coruscant,http://dbkwik.webdatacommons.org/swtor.wikia.com/resource/Coruscant,equivalent,0.67942125,Match based on Embeddings
http://dbkwik.webdatacommons.org/starwars.wikia.com/resource/Reek,http://dbkwik.webdatacommons.org/swtor.wikia.com/resource/Reek,equivalent,0.6725328,Match based on Embeddings
http://dbkwik.webdatacommons.org/starwars.wikia.com/resource/Bogstalker,http://dbkwik.webdatacommons.org/swtor.wikia.com/resource/Bogstalker,equivalent,0.6663839,Match based on Embeddings
http://dbkwik.webdatacommons.org/starwars.wikia.com/resource/Dorak,http://dbkwik.webdatacommons.org/swtor.wikia.com/resource/Dorak,equivalent,0.6661011,Match based on Embeddings
http://dbkwik.webdatacommons.org/starwars.wikia.com/resource/LaTor,http://dbkwik.webdatacommons.org/swtor.wikia.com/resource/LaTor,equivalent,0.66787106,Match based on Embeddings
http://dbkwik.webdatacommons.org/starwars.wikia.com/property/special,http://dbkwik.webdatacommons.org/swtor.wikia.com/property/special,equivalent,0.6621376,Match based on Embeddings
http://dbkwik.webdatacommons.org/starwars.wikia.com/resource/Kopecz,http://dbkwik.webdatacommons.org/swtor.wikia.com/resource/Kopecz,equivalent,0.65788347,Match based on Embeddings
http://dbkwik.webdatacommons.org/starwars.wikia.com/property/headquarters,http://dbkwik.webdatacommons.org/swtor.wikia.com/property/headquarters,equivalent,0.67059326,Match based on Embeddings
http://dbkwik.webdatacommons.org/starwars.wikia.com/resource/Unidentified_Aqualish_Sith_hopeful,http://dbkwik.webdatacommons.org/swtor.wikia.com/resource/Unidentified_Aqualish_Sith_hopeful,equivalent,0.6870582,Match based on Embeddings
http://dbkwik.webdatacommons.org/starwars.wikia.com/resource/Ulgo_Siegebreaker,http://dbkwik.webdatacommons.org/swtor.wikia.com/resource/Ulgo_Siegebreaker,equivalent,0.6791276,Match based on Embeddings
http://dbkwik.webdatacommons.org/starwars.wikia.com/resource/Kira_Carsen,http://dbkwik.webdatacommons.org/swtor.wikia.com/resource/Kira_Carsen,equivalent,0.66226393,Match based on Embeddings
http://dbkwik.webdatacommons.org/starwars.wikia.com/class/mission,http://dbkwik.webdatacommons.org/swtor.wikia.com/class/mission,equivalent,0.6641103,Match based on Embeddings
http://dbkwik.webdatacommons.org/starwars.wikia.com/resource/Rogun_Matt%27rik,http://dbkwik.webdatacommons.org/swtor.wikia.com/resource/Rogun_the_Butcher,equivalent,0.5694537,Match based on Embeddings
http://dbkwik.webdatacommons.org/starwars.wikia.com/resource/Takan,http://dbkwik.webdatacommons.org/swtor.wikia.com/resource/Takan,equivalent,0.6607787,Match based on Embeddings
http://dbkwik.webdatacommons.org/starwars.wikia.com/resource/Jace_Malcom,http://dbkwik.webdatacommons.org/swtor.wikia.com/resource/Jace_Malcom,equivalent,0.6756111,Match based on Embeddings
http://dbkwik.webdatacommons.org/starwars.wikia.com/resource/The_Ancient_One,http://dbkwik.webdatacommons.org/swtor.wikia.com/resource/The_Ancient_One,equivalent,0.67643714,Match based on Embeddings
http://dbkwik.webdatacommons.org/starwars.wikia.com/resource/Pandorr,http://dbkwik.webdatacommons.org/swtor.wikia.com/resource/Pandorr,equivalent,0.66395676,Match based on Embeddings
http://dbkwik.webdatacommons.org/starwars.wikia.com/resource/Unidentified_female_felinoid_Mandalorian_Knight,http://dbkwik.webdatacommons.org/swtor.wikia.com/resource/Unidentified_female_felinoid_Mandalorian_Knight,equivalent,0.6910191,Match based on Embeddings
http://dbkwik.webdatacommons.org/starwars.wikia.com/resource/Gravestone,http://dbkwik.webdatacommons.org/swtor.wikia.com/resource/Gravestone_(Starship),equivalent,0.6129043,Match based on Embeddings
http://dbkwik.webdatacommons.org/starwars.wikia.com/resource/Ludo_Kressh,http://dbkwik.webdatacommons.org/swtor.wikia.com/resource/Ludo_Kressh,equivalent,0.65687543,Match based on Embeddings
http://dbkwik.webdatacommons.org/starwars.wikia.com/resource/Zayne_Carrick,http://dbkwik.webdatacommons.org/swtor.wikia.com/resource/Zayne_Carrick,equivalent,0.65379715,Match based on Embeddings
http://dbkwik.webdatacommons.org/starwars.wikia.com/resource/Starbreeze,http://dbkwik.webdatacommons.org/swtor.wikia.com/resource/Starbreeze,equivalent,0.67286325,Match based on Embeddings
http://dbkwik.webdatacommons.org/starwars.wikia.com/resource/Jek_Kardan,http://dbkwik.webdatacommons.org/swtor.wikia.com/resource/Jek_Kardan,equivalent,0.6555827,Match based on Embeddings
http://dbkwik.webdatacommons.org/starwars.wikia.com/resource/Jolee_Bindo,http://dbkwik.webdatacommons.org/swtor.wikia.com/resource/Jolee_Bindo,equivalent,0.66584176,Match based on Embeddings
http://dbkwik.webdatacommons.org/starwars.wikia.com/resource/Rahasia_Sandral,http://dbkwik.webdatacommons.org/swtor.wikia.com/resource/Rahasia_Sandral,equivalent,0.6564785,Match based on Embeddings
http://dbkwik.webdatacommons.org/starwars.wikia.com/resource/High_Jedi_General,http://dbkwik.webdatacommons.org/swtor.wikia.com/resource/High_Jedi_General,equivalent,0.69269294,Match based on Embeddings
http://dbkwik.webdatacommons.org/starwars.wikia.com/property/cost,http://dbkwik.webdatacommons.org/swtor.wikia.com/property/cost,equivalent,0.66828233,Match based on Embeddings
http://dbkwik.webdatacommons.org/starwars.wikia.com/resource/Quilb,http://dbkwik.webdatacommons.org/swtor.wikia.com/resource/Quilb,equivalent,0.6614593,Match based on Embeddings
http://dbkwik.webdatacommons.org/starwars.wikia.com/resource/Bastila_Shan,http://dbkwik.webdatacommons.org/swtor.wikia.com/resource/Bastila_Shan,equivalent,0.6738727,Match based on Embeddings
http://dbkwik.webdatacommons.org/starwars.wikia.com/resource/Deagan_Farrell,http://dbkwik.webdatacommons.org/swtor.wikia.com/resource/Deagan_Farrell,equivalent,0.6600828,Match based on Embeddings
http://dbkwik.webdatacommons.org/starwars.wikia.com/property/side,http://dbkwik.webdatacommons.org/swtor.wikia.com/property/side,equivalent,0.66479796,Match based on Embeddings
http://dbkwik.webdatacommons.org/starwars.wikia.com/resource/Travi_Pott,http://dbkwik.webdatacommons.org/swtor.wikia.com/resource/Travi_Pott,equivalent,0.65736395,Match based on Embeddings
http://dbkwik.webdatacommons.org/starwars.wikia.com/resource/Darth_Glovoc,http://dbkwik.webdatacommons.org/swtor.wikia.com/resource/Darth_Glovoc,equivalent,0.6836506,Match based on Embeddings
http://dbkwik.webdatacommons.org/starwars.wikia.com/resource/Tyrans,http://dbkwik.webdatacommons.org/swtor.wikia.com/resource/Dread_Master_Tyrans,equivalent,0.6184361,Match based on Embeddings
http://dbkwik.webdatacommons.org/starwars.wikia.com/resource/Malachor_V,http://dbkwik.webdatacommons.org/swtor.wikia.com/resource/Malachor_V,equivalent,0.671276,Match based on Embeddings
http://dbkwik.webdatacommons.org/starwars.wikia.com/resource/Necus,http://dbkwik.webdatacommons.org/swtor.wikia.com/resource/Necus,equivalent,0.6614991,Match based on Embeddings
http://dbkwik.webdatacommons.org/starwars.wikia.com/resource/Nalen_Raloch,http://dbkwik.webdatacommons.org/swtor.wikia.com/resource/Nalen_Raloch,equivalent,0.6549165,Match based on Embeddings
http://dbkwik.webdatacommons.org/starwars.wikia.com/resource/Force-sensitive,http://dbkwik.webdatacommons.org/swtor.wikia.com/resource/Force-sensitive,equivalent,0.67142254,Match based on Embeddings
http://dbkwik.webdatacommons.org/starwars.wikia.com/resource/Unidentified_female_Chagrian_Mandalorian_Knight,http://dbkwik.webdatacommons.org/swtor.wikia.com/resource/Unidentified_female_Chagrian_Mandalorian_Knight,equivalent,0.69278187,Match based on Embeddings
http://dbkwik.webdatacommons.org/starwars.wikia.com/resource/Acklay,http://dbkwik.webdatacommons.org/swtor.wikia.com/resource/Acklay,equivalent,0.65724456,Match based on Embeddings
http://dbkwik.webdatacommons.org/starwars.wikia.com/resource/Great_Galactic_War,http://dbkwik.webdatacommons.org/swtor.wikia.com/resource/Great_Galactic_War,equivalent,0.6855228,Match based on Embeddings
http://dbkwik.webdatacommons.org/starwars.wikia.com/resource/Raptus,http://dbkwik.webdatacommons.org/swtor.wikia.com/resource/Dread_Master_Raptus,equivalent,0.5988236,Match based on Embeddings
http://dbkwik.webdatacommons.org/starwars.wikia.com/resource/3960_BBY,http://dbkwik.webdatacommons.org/swtor.wikia.com/resource/298_BTC,equivalent,0.5311,"The similarity score is high, and the target class '298 BTC' is semantically equivalent to the source class '3960 bby', both referring to a specific time period in the Star Wars universe."
http://dbkwik.webdatacommons.org/starwars.wikia.com/resource/Sedni_Maruk,http://dbkwik.webdatacommons.org/swtor.wikia.com/resource/Sedni_Maruk,equivalent,0.6609406,Match based on Embeddings
http://dbkwik.webdatacommons.org/starwars.wikia.com/resource/Slave_Leia_costume,http://dbkwik.webdatacommons.org/swtor.wikia.com/resource/Dancer%27s_Outfit,equivalent,0.53495544,Match based on Embeddings
http://dbkwik.webdatacommons.org/starwars.wikia.com/resource/Usma,http://dbkwik.webdatacommons.org/swtor.wikia.com/resource/Usma,equivalent,0.65996456,Match based on Embeddings
http://dbkwik.webdatacommons.org/starwars.wikia.com/resource/Vokk,http://dbkwik.webdatacommons.org/swtor.wikia.com/resource/Vokk,equivalent,0.6641734,Match based on Embeddings
http://dbkwik.webdatacommons.org/starwars.wikia.com/property/commanders,http://dbkwik.webdatacommons.org/swtor.wikia.com/property/commanders,equivalent,0.67676437,Match based on Embeddings
http://dbkwik.webdatacommons.org/starwars.wikia.com/resource/Kassor_Quade,http://dbkwik.webdatacommons.org/swtor.wikia.com/resource/Kassor_Quade,equivalent,0.6587008,Match based on Embeddings
http://dbkwik.webdatacommons.org/starwars.wikia.com/resource/Ice_(duelist),http://dbkwik.webdatacommons.org/swtor.wikia.com/resource/Ice_(duelist),equivalent,0.6678192,Match based on Embeddings
http://dbkwik.webdatacommons.org/starwars.wikia.com/resource/Galactic_Credit_Standard,http://dbkwik.webdatacommons.org/swtor.wikia.com/resource/Galactic_Credit,equivalent,0.649654,Match based on Embeddings
http://dbkwik.webdatacommons.org/starwars.wikia.com/resource/Cassa_Hun,http://dbkwik.webdatacommons.org/swtor.wikia.com/resource/Cassa_Hun,equivalent,0.6685345,Match based on Embeddings
http://dbkwik.webdatacommons.org/starwars.wikia.com/resource/Bessiker,http://dbkwik.webdatacommons.org/swtor.wikia.com/resource/Bessiker,equivalent,0.65818304,Match based on Embeddings
http://dbkwik.webdatacommons.org/starwars.wikia.com/resource/Kote_ky%27ram,http://dbkwik.webdatacommons.org/swtor.wikia.com/resource/Tuk%27ata,equivalent,0.5445,"Although the similarity score is not the highest, the semantic fit between the contexts is strong. Both Kote ky'ram and Tuk'ata are characters in the Star Wars universe, and the similarity score is still relatively high. Considering both factors, Tuk'ata is the most suitable match."
http://dbkwik.webdatacommons.org/starwars.wikia.com/resource/Vodo-Siosk_Baas%27s_courier,http://dbkwik.webdatacommons.org/swtor.wikia.com/resource/Vodo-Siosk_Baas%27s_Courier,equivalent,0.6685663,Match based on Embeddings
http://dbkwik.webdatacommons.org/starwars.wikia.com/resource/Kamlin,http://dbkwik.webdatacommons.org/swtor.wikia.com/resource/Kamlin,equivalent,0.6638463,Match based on Embeddings
http://dbkwik.webdatacommons.org/starwars.wikia.com/resource/Fohargh,http://dbkwik.webdatacommons.org/swtor.wikia.com/resource/Fohargh,equivalent,0.65919304,Match based on Embeddings
http://dbkwik.webdatacommons.org/starwars.wikia.com/resource/Spirit_protector,http://dbkwik.webdatacommons.org/swtor.wikia.com/resource/Spirit_protector,equivalent,0.67396355,Match based on Embeddings
http://dbkwik.webdatacommons.org/starwars.wikia.com/resource/Novar,http://dbkwik.webdatacommons.org/swtor.wikia.com/resource/Novar,equivalent,0.666511,Match based on Embeddings
http://dbkwik.webdatacommons.org/starwars.wikia.com/resource/Grud,http://dbkwik.webdatacommons.org/swtor.wikia.com/resource/Grud,equivalent,0.6656296,Match based on Embeddings
http://dbkwik.webdatacommons.org/starwars.wikia.com/resource/Supremacy-class_attack_ship,http://dbkwik.webdatacommons.org/swtor.wikia.com/resource/Supremacy-class_attack_ship,equivalent,0.6862314,Match based on Embeddings
http://dbkwik.webdatacommons.org/starwars.wikia.com/resource/Andon_Organa,http://dbkwik.webdatacommons.org/swtor.wikia.com/resource/Andon_Organa,equivalent,0.6785839,Match based on Embeddings
http://dbkwik.webdatacommons.org/starwars.wikia.com/resource/Darth_Andru,http://dbkwik.webdatacommons.org/swtor.wikia.com/resource/Darth_Andru,equivalent,0.68343174,Match based on Embeddings
http://dbkwik.webdatacommons.org/starwars.wikia.com/resource/Dorian_Janarus,http://dbkwik.webdatacommons.org/swtor.wikia.com/resource/Dorian_Janarus,equivalent,0.6729266,Match based on Embeddings
http://dbkwik.webdatacommons.org/starwars.wikia.com/resource/3959_BBY,http://dbkwik.webdatacommons.org/swtor.wikia.com/resource/298_BTC,equivalent,0.5185,"The similarity score is high, and both classes refer to a specific time period in the Star Wars universe. The context of both classes is about dates, making them semantically equivalent."
http://dbkwik.webdatacommons.org/starwars.wikia.com/resource/Zenzo,http://dbkwik.webdatacommons.org/swtor.wikia.com/resource/Zenzo,equivalent,0.6632284,Match based on Embeddings
http://dbkwik.webdatacommons.org/starwars.wikia.com/resource/3963_BBY,http://dbkwik.webdatacommons.org/swtor.wikia.com/resource/Dark_Jedi,related,0.5129,"Although the similarity score is high, the semantic fit is not perfect. The source class refers to a specific year in the Star Wars universe, while the target class refers to a group of Sith warriors. However, the Dark Jedi are known to operate during the same time period as the events described in the source class. Therefore, the relationship between the source and target classes is 'related'."
http://dbkwik.webdatacommons.org/starwars.wikia.com/resource/Vandar_Tokare,http://dbkwik.webdatacommons.org/swtor.wikia.com/resource/Vandar_Tokare,equivalent,0.6715121,Match based on Embeddings
http://dbkwik.webdatacommons.org/starwars.wikia.com/resource/Muheeda,http://dbkwik.webdatacommons.org/swtor.wikia.com/resource/Muheeda,equivalent,0.66703993,Match based on Embeddings
http://dbkwik.webdatacommons.org/starwars.wikia.com/resource/Jos_Beroya,http://dbkwik.webdatacommons.org/swtor.wikia.com/resource/Jos_Beroya,equivalent,0.6577976,Match based on Embeddings
http://dbkwik.webdatacommons.org/starwars.wikia.com/resource/Cytharat,http://dbkwik.webdatacommons.org/swtor.wikia.com/resource/Cytharat,equivalent,0.66451925,Match based on Embeddings
http://dbkwik.webdatacommons.org/starwars.wikia.com/resource/Cahel_Tse,http://dbkwik.webdatacommons.org/swtor.wikia.com/resource/Cahel_Tse,equivalent,0.6554072,Match based on Embeddings
http://dbkwik.webdatacommons.org/starwars.wikia.com/resource/White_Nova,http://dbkwik.webdatacommons.org/swtor.wikia.com/resource/White_Nova,equivalent,0.67126626,Match based on Embeddings
http://dbkwik.webdatacommons.org/starwars.wikia.com/resource/Unidentified_Human_Emperor%27s_Voice_(3678_BBY),http://dbkwik.webdatacommons.org/swtor.wikia.com/resource/Unidentified_Human_Emperor%27s_Voice_(3678_BBY),equivalent,0.6811843,Match based on Embeddings
http://dbkwik.webdatacommons.org/starwars.wikia.com/resource/Unidentified_Jedi_(Endar_Spire),http://dbkwik.webdatacommons.org/swtor.wikia.com/resource/Unidentified_Jedi_(Endar_Spire),equivalent,0.6909937,Match based on Embeddings
http://dbkwik.webdatacommons.org/starwars.wikia.com/resource/Rankin,http://dbkwik.webdatacommons.org/swtor.wikia.com/resource/Rankin,equivalent,0.6679588,Match based on Embeddings
http://dbkwik.webdatacommons.org/starwars.wikia.com/resource/Hurd,http://dbkwik.webdatacommons.org/swtor.wikia.com/resource/Hurd,equivalent,0.6681632,Match based on Embeddings
http://dbkwik.webdatacommons.org/starwars.wikia.com/resource/T3-M4,http://dbkwik.webdatacommons.org/swtor.wikia.com/resource/T3-M4,equivalent,0.66114706,Match based on Embeddings
http://dbkwik.webdatacommons.org/starwars.wikia.com/resource/Malichose,http://dbkwik.webdatacommons.org/swtor.wikia.com/resource/Lord_Malichose,equivalent,0.605174,Match based on Embeddings
http://dbkwik.webdatacommons.org/starwars.wikia.com/resource/Sarn_Ko,http://dbkwik.webdatacommons.org/swtor.wikia.com/resource/Sarn_Ko,equivalent,0.67233646,Match based on Embeddings
http://dbkwik.webdatacommons.org/starwars.wikia.com/resource/Pius_Dea,http://dbkwik.webdatacommons.org/swtor.wikia.com/resource/Pius_Dea,equivalent,0.67579055,Match based on Embeddings
http://dbkwik.webdatacommons.org/starwars.wikia.com/resource/Jar%27Kai,http://dbkwik.webdatacommons.org/swtor.wikia.com/resource/Jar%27Kai,equivalent,0.66704315,Match based on Embeddings
http://dbkwik.webdatacommons.org/starwars.wikia.com/resource/Taith,http://dbkwik.webdatacommons.org/swtor.wikia.com/resource/Taith,equivalent,0.66141754,Match based on Embeddings
http://dbkwik.webdatacommons.org/starwars.wikia.com/resource/Wingmaw,http://dbkwik.webdatacommons.org/swtor.wikia.com/resource/Wingmaw,equivalent,0.6686561,Match based on Embeddings
http://dbkwik.webdatacommons.org/starwars.wikia.com/resource/FT-7B_Clarion,http://dbkwik.webdatacommons.org/swtor.wikia.com/resource/FT-7B_Clarion,equivalent,0.6710242,Match based on Embeddings
http://dbkwik.webdatacommons.org/starwars.wikia.com/resource/Shayoto%27s_master%27s_master,http://dbkwik.webdatacommons.org/swtor.wikia.com/resource/Shayoto%27s_master%27s_master,equivalent,0.6622887,Match based on Embeddings
http://dbkwik.webdatacommons.org/starwars.wikia.com/resource/Imperial_Diplomatic_Service,http://dbkwik.webdatacommons.org/swtor.wikia.com/resource/Imperial_Diplomatic_Service,equivalent,0.68308634,Match based on Embeddings
http://dbkwik.webdatacommons.org/starwars.wikia.com/resource/Jerbhen_Hulis,http://dbkwik.webdatacommons.org/swtor.wikia.com/resource/Jerbhen_Hulis,equivalent,0.6649748,Match based on Embeddings
http://dbkwik.webdatacommons.org/starwars.wikia.com/resource/Jax_Dumont,http://dbkwik.webdatacommons.org/swtor.wikia.com/resource/Jax_Dumont,equivalent,0.6586928,Match based on Embeddings
http://dbkwik.webdatacommons.org/starwars.wikia.com/resource/Vajar,http://dbkwik.webdatacommons.org/swtor.wikia.com/resource/Vajar,equivalent,0.6643643,Match based on Embeddings
http://dbkwik.webdatacommons.org/starwars.wikia.com/resource/Revinal_Orzik,http://dbkwik.webdatacommons.org/swtor.wikia.com/resource/Revinal_Orzik,equivalent,0.6680184,Match based on Embeddings
http://dbkwik.webdatacommons.org/starwars.wikia.com/resource/Matare_(Zabrak),http://dbkwik.webdatacommons.org/swtor.wikia.com/resource/Matare_(Zabrak),equivalent,0.6771873,Match based on Embeddings
http://dbkwik.webdatacommons.org/starwars.wikia.com/resource/Synoda,http://dbkwik.webdatacommons.org/swtor.wikia.com/resource/Synoda,equivalent,0.662099,Match based on Embeddings
http://dbkwik.webdatacommons.org/starwars.wikia.com/resource/Houk,http://dbkwik.webdatacommons.org/swtor.wikia.com/resource/Houk,equivalent,0.66223645,Match based on Embeddings
http://dbkwik.webdatacommons.org/starwars.wikia.com/class/year,http://dbkwik.webdatacommons.org/swtor.wikia.com/class/year,equivalent,0.6649619,Match based on Embeddings
http://dbkwik.webdatacommons.org/starwars.wikia.com/resource/Lobel,http://dbkwik.webdatacommons.org/swtor.wikia.com/resource/Lobel,equivalent,0.66154736,Match based on Embeddings
http://dbkwik.webdatacommons.org/starwars.wikia.com/resource/Corellian_Jedi,http://dbkwik.webdatacommons.org/swtor.wikia.com/resource/Corellia,equivalent,0.5871,"The similarity score is high, and the context of both classes suggests that they are equivalent. Corellian Jedi and Corellia are both related to the Star Wars universe, and the similarity score indicates that they share a common theme or concept."
http://dbkwik.webdatacommons.org/starwars.wikia.com/resource/Volryder,http://dbkwik.webdatacommons.org/swtor.wikia.com/resource/Master_Volryder,equivalent,0.62907195,Match based on Embeddings
http://dbkwik.webdatacommons.org/starwars.wikia.com/resource/Unidentified_Padawan_(Great_Galactic_War),http://dbkwik.webdatacommons.org/swtor.wikia.com/resource/Unidentified_Padawan_(Great_Galactic_War),equivalent,0.69157946,Match based on Embeddings
http://dbkwik.webdatacommons.org/starwars.wikia.com/resource/Sonam-Ha%27ar,http://dbkwik.webdatacommons.org/swtor.wikia.com/resource/Sonam-Ha%27ar,equivalent,0.66178924,Match based on Embeddings
http://dbkwik.webdatacommons.org/starwars.wikia.com/resource/Monk,http://dbkwik.webdatacommons.org/swtor.wikia.com/resource/Monk,equivalent,0.6663761,Match based on Embeddings
http://dbkwik.webdatacommons.org/starwars.wikia.com/resource/Kaox_Krul,http://dbkwik.webdatacommons.org/swtor.wikia.com/resource/Kaox_Krul,equivalent,0.6593097,Match based on Embeddings
http://dbkwik.webdatacommons.org/starwars.wikia.com/resource/Tython,http://dbkwik.webdatacommons.org/swtor.wikia.com/resource/Tython,equivalent,0.666583,Match based on Embeddings
http://dbkwik.webdatacommons.org/starwars.wikia.com/resource/Tuk%27ata,http://dbkwik.webdatacommons.org/swtor.wikia.com/resource/Tuk%27ata,equivalent,0.66013044,Match based on Embeddings
http://dbkwik.webdatacommons.org/starwars.wikia.com/resource/Sleen,http://dbkwik.webdatacommons.org/swtor.wikia.com/resource/Sleen,equivalent,0.661887,Match based on Embeddings
http://dbkwik.webdatacommons.org/starwars.wikia.com/resource/Pernicar,http://dbkwik.webdatacommons.org/swtor.wikia.com/resource/Pernicar,equivalent,0.66818213,Match based on Embeddings
http://dbkwik.webdatacommons.org/starwars.wikia.com/resource/Shara_Jenn,http://dbkwik.webdatacommons.org/swtor.wikia.com/resource/Shara_Jenn,equivalent,0.67000544,Match based on Embeddings
http://dbkwik.webdatacommons.org/starwars.wikia.com/resource/Vaya-class_scout,http://dbkwik.webdatacommons.org/swtor.wikia.com/resource/Vaya-class_scout,equivalent,0.6773474,Match based on Embeddings
http://dbkwik.webdatacommons.org/starwars.wikia.com/resource/Jedi_Guardian,http://dbkwik.webdatacommons.org/swtor.wikia.com/resource/Jedi_Guardian_(title),equivalent,0.653844,Match based on Embeddings
http://dbkwik.webdatacommons.org/starwars.wikia.com/resource/Torian_Cadera,http://dbkwik.webdatacommons.org/swtor.wikia.com/resource/Torian_Cadera,equivalent,0.65841305,Match based on Embeddings
http://dbkwik.webdatacommons.org/starwars.wikia.com/resource/Rand_Lokta,http://dbkwik.webdatacommons.org/swtor.wikia.com/resource/Rand_Lokta,equivalent,0.65867877,Match based on Embeddings
http://dbkwik.webdatacommons.org/starwars.wikia.com/resource/Vitiate,http://dbkwik.webdatacommons.org/swtor.wikia.com/resource/Vitiate,equivalent,0.6635253,Match based on Embeddings
http://dbkwik.webdatacommons.org/starwars.wikia.com/resource/Darth_Vengean,http://dbkwik.webdatacommons.org/swtor.wikia.com/resource/Darth_Vengean,equivalent,0.6810557,Match based on Embeddings
http://dbkwik.webdatacommons.org/starwars.wikia.com/resource/Galas_(Selkath),http://dbkwik.webdatacommons.org/swtor.wikia.com/resource/Galas,equivalent,0.60585004,Match based on Embeddings
http://dbkwik.webdatacommons.org/starwars.wikia.com/resource/Unidentified_female_Twi%27lek_Jedi,http://dbkwik.webdatacommons.org/swtor.wikia.com/resource/Unidentified_female_Twi%27lek_Jedi,equivalent,0.68989134,Match based on Embeddings
http://dbkwik.webdatacommons.org/starwars.wikia.com/resource/Peacemaker-class_cruiser,http://dbkwik.webdatacommons.org/swtor.wikia.com/resource/Peacemaker-class_cruiser,equivalent,0.6859091,Match based on Embeddings
http://dbkwik.webdatacommons.org/starwars.wikia.com/resource/Styrak,http://dbkwik.webdatacommons.org/swtor.wikia.com/resource/Skavak,equivalent,0.5968,"The similarity score is high, and the target class 'Skavak' is semantically equivalent to the source class 'Styrak', as both refer to a character in the Star Wars universe. The context of both classes also aligns, with 'Styrak' being a character and 'Skavak' being a character as well."
http://dbkwik.webdatacommons.org/starwars.wikia.com/resource/Tuknatan,http://dbkwik.webdatacommons.org/swtor.wikia.com/resource/Tuknatan,equivalent,0.6571266,Match based on Embeddings
http://dbkwik.webdatacommons.org/starwars.wikia.com/resource/Pradoc,http://dbkwik.webdatacommons.org/swtor.wikia.com/resource/Pradoc,equivalent,0.6618688,Match based on Embeddings
http://dbkwik.webdatacommons.org/starwars.wikia.com/resource/Anyara,http://dbkwik.webdatacommons.org/swtor.wikia.com/resource/Anyara,equivalent,0.6647897,Match based on Embeddings
http://dbkwik.webdatacommons.org/starwars.wikia.com/resource/Sever_Force,http://dbkwik.webdatacommons.org/swtor.wikia.com/resource/Sever_Force,equivalent,0.6732658,Match based on Embeddings
http://dbkwik.webdatacommons.org/starwars.wikia.com/resource/Quesh,http://dbkwik.webdatacommons.org/swtor.wikia.com/resource/Quesh,equivalent,0.6671093,Match based on Embeddings
http://dbkwik.webdatacommons.org/starwars.wikia.com/resource/Mira_(Mirialan),http://dbkwik.webdatacommons.org/swtor.wikia.com/resource/Mira_(Mirialan),equivalent,0.67553073,Match based on Embeddings
http://dbkwik.webdatacommons.org/starwars.wikia.com/resource/Benna_Lodd,http://dbkwik.webdatacommons.org/swtor.wikia.com/resource/Benna_Lodd,equivalent,0.6663758,Match based on Embeddings
http://dbkwik.webdatacommons.org/starwars.wikia.com/resource/Genarra,http://dbkwik.webdatacommons.org/swtor.wikia.com/resource/Genarra,equivalent,0.6657255,Match based on Embeddings
http://dbkwik.webdatacommons.org/starwars.wikia.com/resource/Jaska_(Mandalorian_Knight),http://dbkwik.webdatacommons.org/swtor.wikia.com/resource/Jaska_(Mandalorian_Knight),equivalent,0.6912873,Match based on Embeddings
http://dbkwik.webdatacommons.org/starwars.wikia.com/resource/Tyria_(Jedi),http://dbkwik.webdatacommons.org/swtor.wikia.com/resource/Tyria_(Jedi),equivalent,0.69076276,Match based on Embeddings
http://dbkwik.webdatacommons.org/starwars.wikia.com/resource/Obip,http://dbkwik.webdatacommons.org/swtor.wikia.com/resource/Obip,equivalent,0.6590476,Match based on Embeddings
http://dbkwik.webdatacommons.org/starwars.wikia.com/resource/Acaadi,http://dbkwik.webdatacommons.org/swtor.wikia.com/resource/Acaadi,equivalent,0.6601605,Match based on Embeddings
http://dbkwik.webdatacommons.org/starwars.wikia.com/resource/Battle_of_the_Archenar_asteroid_field,http://dbkwik.webdatacommons.org/swtor.wikia.com/class/space_battle,equivalent,0.5645,"The similarity score is high, and the target class 'space battle' is semantically equivalent to the source class 'Battle of the Archenar asteroid field', as both refer to a specific type of conflict in space."
http://dbkwik.webdatacommons.org/starwars.wikia.com/resource/Khem_Val,http://dbkwik.webdatacommons.org/swtor.wikia.com/resource/Khem_Val,equivalent,0.66680574,Match based on Embeddings
http://dbkwik.webdatacommons.org/starwars.wikia.com/resource/Sylvar,http://dbkwik.webdatacommons.org/swtor.wikia.com/resource/Sylvar,equivalent,0.6616382,Match based on Embeddings
http://dbkwik.webdatacommons.org/starwars.wikia.com/resource/Narlock,http://dbkwik.webdatacommons.org/swtor.wikia.com/resource/Narlock,equivalent,0.663233,Match based on Embeddings
http://dbkwik.webdatacommons.org/starwars.wikia.com/resource/B-4D_Legion,http://dbkwik.webdatacommons.org/swtor.wikia.com/resource/B-4D_Legion,equivalent,0.6795867,Match based on Embeddings
http://dbkwik.webdatacommons.org/starwars.wikia.com/resource/Zeer,http://dbkwik.webdatacommons.org/swtor.wikia.com/resource/Zeer,equivalent,0.67210376,Match based on Embeddings
http://dbkwik.webdatacommons.org/starwars.wikia.com/resource/Starstorm_One,http://dbkwik.webdatacommons.org/swtor.wikia.com/resource/Starstorm_One,equivalent,0.6819061,Match based on Embeddings
http://dbkwik.webdatacommons.org/starwars.wikia.com/resource/Hyperspace,http://dbkwik.webdatacommons.org/swtor.wikia.com/resource/Hyperspace,equivalent,0.67096996,Match based on Embeddings
"http://dbkwik.webdatacommons.org/starwars.wikia.com/resource/Star_Wars:_The_Old_Republic,_Blood_of_the_Empire",http://dbkwik.webdatacommons.org/swtor.wikia.com/resource/Blood_of_the_Empire,equivalent,0.64460784,Match based on Embeddings
http://dbkwik.webdatacommons.org/starwars.wikia.com/resource/Darth_Malak,http://dbkwik.webdatacommons.org/swtor.wikia.com/resource/Darth_Malak,equivalent,0.68239284,Match based on Embeddings
http://dbkwik.webdatacommons.org/starwars.wikia.com/resource/Sacking_of_Coruscant,http://dbkwik.webdatacommons.org/swtor.wikia.com/resource/Sacking_of_Coruscant,equivalent,0.68547034,Match based on Embeddings
http://dbkwik.webdatacommons.org/starwars.wikia.com/resource/M1-4X,http://dbkwik.webdatacommons.org/swtor.wikia.com/resource/M1-4X,equivalent,0.6637953,Match based on Embeddings
http://dbkwik.webdatacommons.org/starwars.wikia.com/resource/Bengel_Morr,http://dbkwik.webdatacommons.org/swtor.wikia.com/resource/Bengel_Morr,equivalent,0.6608919,Match based on Embeddings
http://dbkwik.webdatacommons.org/starwars.wikia.com/resource/Memit_Nadill,http://dbkwik.webdatacommons.org/swtor.wikia.com/resource/Memit_Nadill,equivalent,0.66607404,Match based on Embeddings
http://dbkwik.webdatacommons.org/starwars.wikia.com/resource/Shoaneb_Culu%27s_starship,http://dbkwik.webdatacommons.org/swtor.wikia.com/resource/Shoaneb_Culu%27s_Starship,equivalent,0.6727297,Match based on Embeddings
http://dbkwik.webdatacommons.org/starwars.wikia.com/resource/Vrook_Lamar,http://dbkwik.webdatacommons.org/swtor.wikia.com/resource/Vrook_Lamar,equivalent,0.67632633,Match based on Embeddings
http://dbkwik.webdatacommons.org/starwars.wikia.com/resource/Unidentified_Koros_battleship,http://dbkwik.webdatacommons.org/swtor.wikia.com/resource/Mandalorian_Warship,equivalent,0.5513,"The similarity score is high, and the target class 'Mandalorian Warship' is semantically equivalent to the source class 'Unidentified Koros battleship' as both refer to a type of warship. The context of both classes is also similar, focusing on a specific type of vessel in a science fiction universe."
http://dbkwik.webdatacommons.org/starwars.wikia.com/resource/Evocii,http://dbkwik.webdatacommons.org/swtor.wikia.com/resource/Evocii,equivalent,0.66288996,Match based on Embeddings
http://dbkwik.webdatacommons.org/starwars.wikia.com/resource/Quorlac_Fornayh,http://dbkwik.webdatacommons.org/swtor.wikia.com/resource/Quorlac_Fornayh,equivalent,0.66562146,Match based on Embeddings
http://dbkwik.webdatacommons.org/starwars.wikia.com/resource/Sons_of_Palawa,http://dbkwik.webdatacommons.org/swtor.wikia.com/resource/Sons_of_Palawa,equivalent,0.6727711,Match based on Embeddings
http://dbkwik.webdatacommons.org/starwars.wikia.com/resource/Bex_Kolos,http://dbkwik.webdatacommons.org/swtor.wikia.com/resource/Darth_Baras,equivalent,0.5529,"The similarity score is high, and the context of both classes suggests that they are equivalent. Both classes refer to characters in the Star Wars universe, and the labels 'Bex Kolos' and 'Darth Baras' have similar structures and meanings. The slight difference in score between this match and the other two candidates is not significant enough to outweigh the semantic fit between the contexts."
http://dbkwik.webdatacommons.org/starwars.wikia.com/resource/Kaliyo_Djannis,http://dbkwik.webdatacommons.org/swtor.wikia.com/resource/Kaliyo_Djannis,equivalent,0.66130507,Match based on Embeddings
http://dbkwik.webdatacommons.org/starwars.wikia.com/resource/Broonmark,http://dbkwik.webdatacommons.org/swtor.wikia.com/resource/Broonmark,equivalent,0.6623627,Match based on Embeddings
http://dbkwik.webdatacommons.org/starwars.wikia.com/resource/Anstiss,http://dbkwik.webdatacommons.org/swtor.wikia.com/resource/Anstiss,equivalent,0.6626398,Match based on Embeddings
http://dbkwik.webdatacommons.org/starwars.wikia.com/resource/Agerin_Minosh,http://dbkwik.webdatacommons.org/swtor.wikia.com/resource/Agerin_Minosh,equivalent,0.6647583,Match based on Embeddings
http://dbkwik.webdatacommons.org/starwars.wikia.com/resource/Najus,http://dbkwik.webdatacommons.org/swtor.wikia.com/resource/Najus,equivalent,0.6654596,Match based on Embeddings
http://dbkwik.webdatacommons.org/starwars.wikia.com/resource/Eskella_Gryton,http://dbkwik.webdatacommons.org/swtor.wikia.com/resource/Eskella_Gryton,equivalent,0.66401196,Match based on Embeddings
http://dbkwik.webdatacommons.org/starwars.wikia.com/resource/Corellia,http://dbkwik.webdatacommons.org/swtor.wikia.com/resource/Corellia,equivalent,0.6614589,Match based on Embeddings
http://dbkwik.webdatacommons.org/starwars.wikia.com/resource/Veeboo_Lunx,http://dbkwik.webdatacommons.org/swtor.wikia.com/resource/Veeboo_Lunx,equivalent,0.67321014,Match based on Embeddings
http://dbkwik.webdatacommons.org/starwars.wikia.com/resource/Lucky_Lancer,http://dbkwik.webdatacommons.org/swtor.wikia.com/resource/Lucky_Lancer,equivalent,0.6744996,Match based on Embeddings
http://dbkwik.webdatacommons.org/starwars.wikia.com/resource/Paran_Am-Ris,http://dbkwik.webdatacommons.org/swtor.wikia.com/resource/Paran_Am-Ris,equivalent,0.6645816,Match based on Embeddings
http://dbkwik.webdatacommons.org/starwars.wikia.com/resource/Assault_on_the_Esseles,http://dbkwik.webdatacommons.org/swtor.wikia.com/resource/The_Esseles,equivalent,0.597489,Match based on Embeddings
http://dbkwik.webdatacommons.org/starwars.wikia.com/resource/Darth_Vowrawn,http://dbkwik.webdatacommons.org/swtor.wikia.com/resource/Darth_Vowrawn,equivalent,0.68199396,Match based on Embeddings
http://dbkwik.webdatacommons.org/starwars.wikia.com/resource/Unidentified_Human_apprentice,http://dbkwik.webdatacommons.org/swtor.wikia.com/resource/Unidentified_Human_apprentice,equivalent,0.67533135,Match based on Embeddings
http://dbkwik.webdatacommons.org/starwars.wikia.com/resource/Hero_of_Tython,http://dbkwik.webdatacommons.org/swtor.wikia.com/resource/Hero_of_Tython_(Individual),equivalent,0.6200484,Match based on Embeddings
http://dbkwik.webdatacommons.org/starwars.wikia.com/resource/Xivhkalrainik,http://dbkwik.webdatacommons.org/swtor.wikia.com/resource/Dromika,equivalent,0.5599,"The similarity score is high, and the context of both classes suggests they are equivalent. Dromika and Xivhkalrainik are both classes in the Star Wars universe, and their labels suggest they are similar in meaning."
http://dbkwik.webdatacommons.org/starwars.wikia.com/resource/Valley_of_the_Dark_Lords/Legends,http://dbkwik.webdatacommons.org/swtor.wikia.com/resource/Valley_of_the_Dark_Lords,equivalent,0.64161456,Match based on Embeddings
http://dbkwik.webdatacommons.org/starwars.wikia.com/resource/Space_station,http://dbkwik.webdatacommons.org/swtor.wikia.com/resource/Space_station,equivalent,0.6718537,Match based on Embeddings
http://dbkwik.webdatacommons.org/starwars.wikia.com/resource/Blaster,http://dbkwik.webdatacommons.org/swtor.wikia.com/resource/Blaster_Pistol,equivalent,0.62282133,Match based on Embeddings
http://dbkwik.webdatacommons.org/starwars.wikia.com/resource/Oh%27dvek,http://dbkwik.webdatacommons.org/swtor.wikia.com/resource/Oh%27dvek,equivalent,0.6597587,Match based on Embeddings
http://dbkwik.webdatacommons.org/starwars.wikia.com/resource/CX-133_Chaos_fighter,http://dbkwik.webdatacommons.org/swtor.wikia.com/resource/CX-133_Chaos_starfighter,equivalent,0.6690165,Match based on Embeddings
http://dbkwik.webdatacommons.org/starwars.wikia.com/resource/Rakghoul_pandemic,http://dbkwik.webdatacommons.org/swtor.wikia.com/resource/Rakghoul_Pandemic,equivalent,0.6735897,Match based on Embeddings
http://dbkwik.webdatacommons.org/starwars.wikia.com/resource/D5-Mantis_Patrol_Craft,http://dbkwik.webdatacommons.org/swtor.wikia.com/resource/D5-Mantis_patrol_craft,equivalent,0.6856245,Match based on Embeddings
http://dbkwik.webdatacommons.org/starwars.wikia.com/resource/Sewlor,http://dbkwik.webdatacommons.org/swtor.wikia.com/resource/Sewlor,equivalent,0.6683295,Match based on Embeddings
http://dbkwik.webdatacommons.org/starwars.wikia.com/resource/Theron_Shan,http://dbkwik.webdatacommons.org/swtor.wikia.com/resource/Theron_Shan,equivalent,0.67287606,Match based on Embeddings
http://dbkwik.webdatacommons.org/starwars.wikia.com/resource/Kladak,http://dbkwik.webdatacommons.org/swtor.wikia.com/resource/Kladak,equivalent,0.6600873,Match based on Embeddings
http://dbkwik.webdatacommons.org/starwars.wikia.com/class/space_station,http://dbkwik.webdatacommons.org/swtor.wikia.com/class/space_station,equivalent,0.669904,Match based on Embeddings
http://dbkwik.webdatacommons.org/starwars.wikia.com/resource/Tol_Braga,http://dbkwik.webdatacommons.org/swtor.wikia.com/resource/Tol_Braga,equivalent,0.65961033,Match based on Embeddings
http://dbkwik.webdatacommons.org/starwars.wikia.com/resource/Kas%27im,http://dbkwik.webdatacommons.org/swtor.wikia.com/resource/Kas%27im,equivalent,0.65151757,Match based on Embeddings
http://dbkwik.webdatacommons.org/starwars.wikia.com/property/length,http://dbkwik.webdatacommons.org/swtor.wikia.com/property/length,equivalent,0.6628509,Match based on Embeddings
http://dbkwik.webdatacommons.org/starwars.wikia.com/resource/Aleco_Stusea,http://dbkwik.webdatacommons.org/swtor.wikia.com/resource/Aleco_Stusea,equivalent,0.662954,Match based on Embeddings
http://dbkwik.webdatacommons.org/starwars.wikia.com/resource/Holdan,http://dbkwik.webdatacommons.org/swtor.wikia.com/resource/Holdan,equivalent,0.6639503,Match based on Embeddings
http://dbkwik.webdatacommons.org/starwars.wikia.com/resource/Lindworm,http://dbkwik.webdatacommons.org/swtor.wikia.com/resource/Lindworm,equivalent,0.6581813,Match based on Embeddings
http://dbkwik.webdatacommons.org/starwars.wikia.com/resource/Darth_Thanaton,http://dbkwik.webdatacommons.org/swtor.wikia.com/resource/Darth_Thanaton,equivalent,0.6815812,Match based on Embeddings
http://dbkwik.webdatacommons.org/starwars.wikia.com/resource/Oric_Traless,http://dbkwik.webdatacommons.org/swtor.wikia.com/resource/Oric_Traless,equivalent,0.66800946,Match based on Embeddings
http://dbkwik.webdatacommons.org/starwars.wikia.com/resource/Unidentified_Sith_sorceress,http://dbkwik.webdatacommons.org/swtor.wikia.com/resource/Sith_Sorceress,equivalent,0.6408618,Match based on Embeddings
http://dbkwik.webdatacommons.org/starwars.wikia.com/resource/Forris,http://dbkwik.webdatacommons.org/swtor.wikia.com/resource/Forris,equivalent,0.66932946,Match based on Embeddings
http://dbkwik.webdatacommons.org/starwars.wikia.com/resource/Salus_Bralor,http://dbkwik.webdatacommons.org/swtor.wikia.com/resource/Salus_Bralor,equivalent,0.66443765,Match based on Embeddings
http://dbkwik.webdatacommons.org/starwars.wikia.com/resource/SunGem,http://dbkwik.webdatacommons.org/swtor.wikia.com/resource/SunGem,equivalent,0.65613186,Match based on Embeddings
http://dbkwik.webdatacommons.org/starwars.wikia.com/resource/Eric_Ericsen,http://dbkwik.webdatacommons.org/swtor.wikia.com/resource/Eric_Ericsen,equivalent,0.6527792,Match based on Embeddings
http://dbkwik.webdatacommons.org/starwars.wikia.com/resource/Operation_Midnight_Freedom,http://dbkwik.webdatacommons.org/swtor.wikia.com/resource/Lost_Jedi,related,0.5464,"Although the similarity score is high, the semantic fit between contexts is not perfect. However, considering the context of both classes, 'Operation Midnight Freedom' and 'Lost Jedi' share a common theme of rebellion and resistance. Therefore, I consider this match as 'related'."
http://dbkwik.webdatacommons.org/starwars.wikia.com/resource/Imperial_Reclamation_Service,http://dbkwik.webdatacommons.org/swtor.wikia.com/resource/Imperial_Reclamation_Services,equivalent,0.6815386,Match based on Embeddings
http://dbkwik.webdatacommons.org/starwars.wikia.com/resource/Keeper_(Imperial_Intelligence),http://dbkwik.webdatacommons.org/swtor.wikia.com/resource/Keeper,equivalent,0.5884425,Match based on Embeddings
http://dbkwik.webdatacommons.org/starwars.wikia.com/resource/Dynamic-class_freighter,http://dbkwik.webdatacommons.org/swtor.wikia.com/resource/Dynamic-class_freighter,equivalent,0.6804709,Match based on Embeddings
http://dbkwik.webdatacommons.org/starwars.wikia.com/resource/Vemrin,http://dbkwik.webdatacommons.org/swtor.wikia.com/resource/Vemrin,equivalent,0.66362303,Match based on Embeddings
"http://dbkwik.webdatacommons.org/starwars.wikia.com/resource/30,000_BBY","http://dbkwik.webdatacommons.org/swtor.wikia.com/resource/26,347_BTC",equivalent,0.56405294,Match based on Embeddings
http://dbkwik.webdatacommons.org/starwars.wikia.com/resource/Jedi_Code,http://dbkwik.webdatacommons.org/swtor.wikia.com/resource/Jedi_Code,equivalent,0.6888791,Match based on Embeddings
http://dbkwik.webdatacommons.org/starwars.wikia.com/resource/Malakite,http://dbkwik.webdatacommons.org/swtor.wikia.com/resource/Malakite,equivalent,0.66503286,Match based on Embeddings
http://dbkwik.webdatacommons.org/starwars.wikia.com/resource/Adraas,http://dbkwik.webdatacommons.org/swtor.wikia.com/resource/Adraas,equivalent,0.6656809,Match based on Embeddings
http://dbkwik.webdatacommons.org/starwars.wikia.com/resource/Endar_Spire,http://dbkwik.webdatacommons.org/swtor.wikia.com/resource/Endar_Spire,equivalent,0.66980547,Match based on Embeddings
http://dbkwik.webdatacommons.org/starwars.wikia.com/resource/Dokath-Ra,http://dbkwik.webdatacommons.org/swtor.wikia.com/resource/Dokath-Ra,equivalent,0.66618377,Match based on Embeddings
http://dbkwik.webdatacommons.org/starwars.wikia.com/resource/Kory,http://dbkwik.webdatacommons.org/swtor.wikia.com/resource/Kory,equivalent,0.6669803,Match based on Embeddings
http://dbkwik.webdatacommons.org/starwars.wikia.com/resource/Ironfist,http://dbkwik.webdatacommons.org/swtor.wikia.com/resource/Ironfist,equivalent,0.66869515,Match based on Embeddings
http://dbkwik.webdatacommons.org/starwars.wikia.com/resource/Vadus,http://dbkwik.webdatacommons.org/swtor.wikia.com/resource/Vadus,equivalent,0.67093146,Match based on Embeddings
http://dbkwik.webdatacommons.org/starwars.wikia.com/resource/Jedi_courier,http://dbkwik.webdatacommons.org/swtor.wikia.com/resource/Jedi_Courier,equivalent,0.6874052,Match based on Embeddings
http://dbkwik.webdatacommons.org/starwars.wikia.com/resource/Jev_Sunrider,http://dbkwik.webdatacommons.org/swtor.wikia.com/resource/Jev_Sunrider,equivalent,0.6695089,Match based on Embeddings
http://dbkwik.webdatacommons.org/starwars.wikia.com/resource/Progenitor,http://dbkwik.webdatacommons.org/swtor.wikia.com/resource/Progenitor,equivalent,0.6648246,Match based on Embeddings
http://dbkwik.webdatacommons.org/starwars.wikia.com/resource/Novin_Kelke,http://dbkwik.webdatacommons.org/swtor.wikia.com/resource/Novin_Kelke,equivalent,0.6657493,Match based on Embeddings
http://dbkwik.webdatacommons.org/starwars.wikia.com/resource/Ona_Querit,http://dbkwik.webdatacommons.org/swtor.wikia.com/resource/Ona_Querit,equivalent,0.65503055,Match based on Embeddings
http://dbkwik.webdatacommons.org/starwars.wikia.com/resource/Star_Wars:_The_Old_Republic:_Galactic_Strongholds,http://dbkwik.webdatacommons.org/swtor.wikia.com/resource/Star_Wars:_The_Old_Republic:_Galactic_Strongholds,equivalent,0.697133,Match based on Embeddings
http://dbkwik.webdatacommons.org/starwars.wikia.com/resource/Komad_Fortuna,http://dbkwik.webdatacommons.org/swtor.wikia.com/resource/Komad_Fortuna,equivalent,0.67260885,Match based on Embeddings
http://dbkwik.webdatacommons.org/starwars.wikia.com/resource/Horak-mul,http://dbkwik.webdatacommons.org/swtor.wikia.com/resource/Horak-mul,equivalent,0.6612258,Match based on Embeddings
http://dbkwik.webdatacommons.org/starwars.wikia.com/resource/Galen,http://dbkwik.webdatacommons.org/swtor.wikia.com/resource/Galen,equivalent,0.66846585,Match based on Embeddings
http://dbkwik.webdatacommons.org/starwars.wikia.com/resource/Lirondo,http://dbkwik.webdatacommons.org/swtor.wikia.com/resource/Lirondo,equivalent,0.6614025,Match based on Embeddings
http://dbkwik.webdatacommons.org/starwars.wikia.com/resource/Darth_Zash,http://dbkwik.webdatacommons.org/swtor.wikia.com/resource/Darth_Zash,equivalent,0.6839448,Match based on Embeddings
http://dbkwik.webdatacommons.org/starwars.wikia.com/resource/Voidstar,http://dbkwik.webdatacommons.org/swtor.wikia.com/resource/The_Voidstar,equivalent,0.66630065,Match based on Embeddings
http://dbkwik.webdatacommons.org/starwars.wikia.com/property/result,http://dbkwik.webdatacommons.org/swtor.wikia.com/property/result,equivalent,0.6628058,Match based on Embeddings
http://dbkwik.webdatacommons.org/starwars.wikia.com/resource/Darth_Millennial,http://dbkwik.webdatacommons.org/swtor.wikia.com/resource/Darth_Millennial,equivalent,0.68672806,Match based on Embeddings
http://dbkwik.webdatacommons.org/starwars.wikia.com/resource/Redok_Harvast,http://dbkwik.webdatacommons.org/swtor.wikia.com/resource/Redok_Harvast,equivalent,0.66007286,Match based on Embeddings
http://dbkwik.webdatacommons.org/starwars.wikia.com/resource/Gav_Daragon_(Valor-class),http://dbkwik.webdatacommons.org/swtor.wikia.com/resource/Gav_Daragon_(Cruiser),equivalent,0.5751086,Match based on Embeddings
http://dbkwik.webdatacommons.org/starwars.wikia.com/resource/Eckard_Lokin,http://dbkwik.webdatacommons.org/swtor.wikia.com/resource/Eckard_Lokin,equivalent,0.66283715,Match based on Embeddings
http://dbkwik.webdatacommons.org/starwars.wikia.com/resource/Shayoto%27s_master,http://dbkwik.webdatacommons.org/swtor.wikia.com/resource/Shayoto%27s_master,equivalent,0.6625152,Match based on Embeddings
http://dbkwik.webdatacommons.org/starwars.wikia.com/resource/Juvard_Illip_Oggurobb,http://dbkwik.webdatacommons.org/swtor.wikia.com/resource/Juvard_Illip_Oggurobb,equivalent,0.6581799,Match based on Embeddings
http://dbkwik.webdatacommons.org/starwars.wikia.com/resource/Alderaan,http://dbkwik.webdatacommons.org/swtor.wikia.com/resource/Alderaan,equivalent,0.6770322,Match based on Embeddings
http://dbkwik.webdatacommons.org/starwars.wikia.com/resource/Oojoh,http://dbkwik.webdatacommons.org/swtor.wikia.com/resource/Oojoh,equivalent,0.65789205,Match based on Embeddings
http://dbkwik.webdatacommons.org/starwars.wikia.com/resource/Vago,http://dbkwik.webdatacommons.org/swtor.wikia.com/resource/Lord_Vago,equivalent,0.6217151,Match based on Embeddings
http://dbkwik.webdatacommons.org/starwars.wikia.com/resource/Karu_(Jedi),http://dbkwik.webdatacommons.org/swtor.wikia.com/resource/Karu,equivalent,0.61631685,Match based on Embeddings
http://dbkwik.webdatacommons.org/starwars.wikia.com/resource/Darth_Nyriss,http://dbkwik.webdatacommons.org/swtor.wikia.com/resource/Darth_Nyriss,equivalent,0.6841195,Match based on Embeddings
http://dbkwik.webdatacommons.org/starwars.wikia.com/resource/Darth_Mortis,http://dbkwik.webdatacommons.org/swtor.wikia.com/resource/Darth_Mortis,equivalent,0.683467,Match based on Embeddings
http://dbkwik.webdatacommons.org/starwars.wikia.com/resource/Axehead_frigate,http://dbkwik.webdatacommons.org/swtor.wikia.com/resource/Axehead_frigate,equivalent,0.68531215,Match based on Embeddings
http://dbkwik.webdatacommons.org/starwars.wikia.com/resource/Battle_of_Bothawui_(Second;_Great_Galactic_War),http://dbkwik.webdatacommons.org/swtor.wikia.com/resource/Second_Battle_of_Bothawui,equivalent,0.61840683,Match based on Embeddings
http://dbkwik.webdatacommons.org/starwars.wikia.com/resource/Bothan,http://dbkwik.webdatacommons.org/swtor.wikia.com/resource/Bothan,equivalent,0.6663165,Match based on Embeddings
http://dbkwik.webdatacommons.org/starwars.wikia.com/resource/Vyn_Asara,http://dbkwik.webdatacommons.org/swtor.wikia.com/resource/Vyn_Asara,equivalent,0.6730456,Match based on Embeddings
http://dbkwik.webdatacommons.org/starwars.wikia.com/resource/Wentell_Pron,http://dbkwik.webdatacommons.org/swtor.wikia.com/resource/Wentell_Pron,equivalent,0.66103727,Match based on Embeddings
http://dbkwik.webdatacommons.org/starwars.wikia.com/class/planet,http://dbkwik.webdatacommons.org/swtor.wikia.com/class/planet,equivalent,0.65812105,Match based on Embeddings
http://dbkwik.webdatacommons.org/starwars.wikia.com/resource/Tomb_of_Tulak_Hord,http://dbkwik.webdatacommons.org/swtor.wikia.com/resource/Tomb_of_Tulak_Hord,equivalent,0.67338854,Match based on Embeddings
http://dbkwik.webdatacommons.org/starwars.wikia.com/resource/Darth_Angral,http://dbkwik.webdatacommons.org/swtor.wikia.com/resource/Darth_Angral,equivalent,0.68275225,Match based on Embeddings
http://dbkwik.webdatacommons.org/starwars.wikia.com/resource/Elcho_Kressh,http://dbkwik.webdatacommons.org/swtor.wikia.com/resource/Elcho_Kressh,equivalent,0.66199,Match based on Embeddings
http://dbkwik.webdatacommons.org/starwars.wikia.com/resource/Jerrod,http://dbkwik.webdatacommons.org/swtor.wikia.com/resource/Jerrod,equivalent,0.664663,Match based on Embeddings
http://dbkwik.webdatacommons.org/starwars.wikia.com/resource/Borthis,http://dbkwik.webdatacommons.org/swtor.wikia.com/resource/Borthis,equivalent,0.6618926,Match based on Embeddings
http://dbkwik.webdatacommons.org/starwars.wikia.com/resource/Mirialan/Legends,http://dbkwik.webdatacommons.org/swtor.wikia.com/resource/Mirialan,equivalent,0.6341564,Match based on Embeddings
http://dbkwik.webdatacommons.org/starwars.wikia.com/resource/Darth_Skotia,http://dbkwik.webdatacommons.org/swtor.wikia.com/resource/Darth_Skotia,equivalent,0.6858533,Match based on Embeddings
http://dbkwik.webdatacommons.org/starwars.wikia.com/resource/Shad_Jelavan,http://dbkwik.webdatacommons.org/swtor.wikia.com/resource/Shad_Jelavan,equivalent,0.6698585,Match based on Embeddings
http://dbkwik.webdatacommons.org/starwars.wikia.com/resource/Uburluh,http://dbkwik.webdatacommons.org/swtor.wikia.com/resource/Uburluh,equivalent,0.6551157,Match based on Embeddings
http://dbkwik.webdatacommons.org/starwars.wikia.com/resource/Darth_Malgus,http://dbkwik.webdatacommons.org/swtor.wikia.com/resource/Darth_Malgus,equivalent,0.68429935,Match based on Embeddings
http://dbkwik.webdatacommons.org/starwars.wikia.com/resource/Lenico_Colony_Blue,http://dbkwik.webdatacommons.org/swtor.wikia.com/resource/Lenico_Colony_Blue,equivalent,0.67327577,Match based on Embeddings
http://dbkwik.webdatacommons.org/starwars.wikia.com/resource/Jehavey%27ir-type_assault_ship,http://dbkwik.webdatacommons.org/swtor.wikia.com/resource/Jehavey%27ir-type_assault_ship,equivalent,0.6834714,Match based on Embeddings
http://dbkwik.webdatacommons.org/starwars.wikia.com/resource/Anchorhead,http://dbkwik.webdatacommons.org/swtor.wikia.com/resource/Anchorhead,equivalent,0.6619537,Match based on Embeddings
http://dbkwik.webdatacommons.org/starwars.wikia.com/resource/Chagras,http://dbkwik.webdatacommons.org/swtor.wikia.com/resource/Chagras,equivalent,0.6653662,Match based on Embeddings
http://dbkwik.webdatacommons.org/starwars.wikia.com/resource/FT-8_Star_Guard,http://dbkwik.webdatacommons.org/swtor.wikia.com/resource/FT-8_Star_Guard,equivalent,0.6801266,Match based on Embeddings
http://dbkwik.webdatacommons.org/starwars.wikia.com/resource/Taris,http://dbkwik.webdatacommons.org/swtor.wikia.com/resource/Taris,equivalent,0.672349,Match based on Embeddings
http://dbkwik.webdatacommons.org/starwars.wikia.com/resource/Spirit_of_Vengeance,http://dbkwik.webdatacommons.org/swtor.wikia.com/resource/Spirit_of_Vengeance,equivalent,0.6718762,Match based on Embeddings
http://dbkwik.webdatacommons.org/starwars.wikia.com/resource/Gesen,http://dbkwik.webdatacommons.org/swtor.wikia.com/resource/Gesen,equivalent,0.6588139,Match based on Embeddings
http://dbkwik.webdatacommons.org/starwars.wikia.com/resource/Undercity,http://dbkwik.webdatacommons.org/swtor.wikia.com/resource/Undercity,equivalent,0.65657777,Match based on Embeddings
http://dbkwik.webdatacommons.org/starwars.wikia.com/resource/Renning,http://dbkwik.webdatacommons.org/swtor.wikia.com/resource/Renning,equivalent,0.6676597,Match based on Embeddings
http://dbkwik.webdatacommons.org/starwars.wikia.com/resource/Starship,http://dbkwik.webdatacommons.org/swtor.wikia.com/resource/Starship,equivalent,0.671826,Match based on Embeddings
http://dbkwik.webdatacommons.org/starwars.wikia.com/resource/NovaDive,http://dbkwik.webdatacommons.org/swtor.wikia.com/resource/NovaDive,equivalent,0.6589,Match based on Embeddings
http://dbkwik.webdatacommons.org/starwars.wikia.com/property/hyperdrive,http://dbkwik.webdatacommons.org/swtor.wikia.com/property/hyperdrive,equivalent,0.6725747,Match based on Embeddings
http://dbkwik.webdatacommons.org/starwars.wikia.com/resource/Telekinesis,http://dbkwik.webdatacommons.org/swtor.wikia.com/resource/Telekinesis,equivalent,0.66448104,Match based on Embeddings
http://dbkwik.webdatacommons.org/starwars.wikia.com/resource/Star_Wars:_The_Old_Republic:_Rise_of_the_Hutt_Cartel,http://dbkwik.webdatacommons.org/swtor.wikia.com/resource/Star_Wars:_The_Old_Republic:_Rise_of_the_Hutt_Cartel,equivalent,0.6959872,Match based on Embeddings
http://dbkwik.webdatacommons.org/starwars.wikia.com/resource/Daiman,http://dbkwik.webdatacommons.org/swtor.wikia.com/resource/Daiman,equivalent,0.660881,Match based on Embeddings
http://dbkwik.webdatacommons.org/starwars.wikia.com/resource/Lorjan_Sakku%27s_Jedi_Master,http://dbkwik.webdatacommons.org/swtor.wikia.com/resource/Lorjan_Sakku%27s_Jedi_Master,equivalent,0.6873354,Match based on Embeddings
http://dbkwik.webdatacommons.org/starwars.wikia.com/resource/Sith_personnel_carrier,http://dbkwik.webdatacommons.org/swtor.wikia.com/resource/Sith_personnel_carrier,equivalent,0.6936042,Match based on Embeddings
http://dbkwik.webdatacommons.org/starwars.wikia.com/resource/3951_BBY,http://dbkwik.webdatacommons.org/swtor.wikia.com/resource/Lost_Jedi,equivalent,0.51,"Although the similarity score is close between the top three candidates, the semantic fit between the source class '3951 bby' and the target class 'Lost Jedi' is the most suitable. Both classes are related to the Star Wars universe and the time period of 3951 BBY is likely referring to the events of the Lost Jedi era."
http://dbkwik.webdatacommons.org/starwars.wikia.com/resource/Black_Talon,http://dbkwik.webdatacommons.org/swtor.wikia.com/resource/Black_Talon,equivalent,0.67418504,Match based on Embeddings
http://dbkwik.webdatacommons.org/starwars.wikia.com/resource/Ieldis,http://dbkwik.webdatacommons.org/swtor.wikia.com/resource/Ieldis,equivalent,0.6557073,Match based on Embeddings
http://dbkwik.webdatacommons.org/starwars.wikia.com/resource/Carth_Onasi,http://dbkwik.webdatacommons.org/swtor.wikia.com/resource/Carth_Onasi,equivalent,0.66675067,Match based on Embeddings
http://dbkwik.webdatacommons.org/starwars.wikia.com/resource/Sajar,http://dbkwik.webdatacommons.org/swtor.wikia.com/resource/Sajar,equivalent,0.6628241,Match based on Embeddings
http://dbkwik.webdatacommons.org/starwars.wikia.com/resource/Brell_Sediment,http://dbkwik.webdatacommons.org/swtor.wikia.com/resource/Brell_Sediment,equivalent,0.66933846,Match based on Embeddings
http://dbkwik.webdatacommons.org/starwars.wikia.com/resource/Cabaril,http://dbkwik.webdatacommons.org/swtor.wikia.com/resource/Cabaril,equivalent,0.6612723,Match based on Embeddings
http://dbkwik.webdatacommons.org/starwars.wikia.com/resource/Kandosii-type_dreadnaught,http://dbkwik.webdatacommons.org/swtor.wikia.com/resource/Kandosii-type_dreadnought,equivalent,0.65906364,Match based on Embeddings
http://dbkwik.webdatacommons.org/starwars.wikia.com/resource/The_Tomb,http://dbkwik.webdatacommons.org/swtor.wikia.com/resource/The_Tomb,equivalent,0.6617407,Match based on Embeddings
http://dbkwik.webdatacommons.org/starwars.wikia.com/property/place,http://dbkwik.webdatacommons.org/swtor.wikia.com/property/place,equivalent,0.6623229,Match based on Embeddings
http://dbkwik.webdatacommons.org/starwars.wikia.com/resource/Supreme_Commander_(Republic),http://dbkwik.webdatacommons.org/swtor.wikia.com/resource/Supreme_Commander,equivalent,0.6386982,Match based on Embeddings
http://dbkwik.webdatacommons.org/starwars.wikia.com/resource/The_Old_Republic:_Deceived,http://dbkwik.webdatacommons.org/swtor.wikia.com/resource/Star_Wars:_The_Old_Republic:_Deceived,equivalent,0.68881756,Match based on Embeddings
http://dbkwik.webdatacommons.org/starwars.wikia.com/resource/Annihilation_Droid_XRR-3,http://dbkwik.webdatacommons.org/swtor.wikia.com/resource/Annihilation_Droid_XRR-3,equivalent,0.6837321,Match based on Embeddings
http://dbkwik.webdatacommons.org/starwars.wikia.com/resource/Belaya,http://dbkwik.webdatacommons.org/swtor.wikia.com/resource/Belaya,equivalent,0.6673665,Match based on Embeddings
http://dbkwik.webdatacommons.org/starwars.wikia.com/resource/Rendaran-class_assault_shuttle,http://dbkwik.webdatacommons.org/swtor.wikia.com/resource/Rendaran-class_assault_shuttle,equivalent,0.6861682,Match based on Embeddings
http://dbkwik.webdatacommons.org/starwars.wikia.com/resource/Mind_prison,http://dbkwik.webdatacommons.org/swtor.wikia.com/resource/Planet_Prison,equivalent,0.58,"The similarity score is high, and the context of 'planet prison' aligns well with the concept of 'mind prison', suggesting an equivalent relationship between the two classes."
http://dbkwik.webdatacommons.org/starwars.wikia.com/resource/Archiban_Frodrick_Kimble,http://dbkwik.webdatacommons.org/swtor.wikia.com/resource/Darth,related,0.5529,"Although the similarity score is not extremely high, the target class 'Darth' is semantically more appropriate as it is a more general concept that encompasses the characteristics of the source class 'Archiban Frodrick Kimble'. The context of both classes suggests a connection to the Star Wars universe, and the target class 'Darth' is a well-known concept in this context."
http://dbkwik.webdatacommons.org/starwars.wikia.com/resource/Nexu,http://dbkwik.webdatacommons.org/swtor.wikia.com/resource/Nexu,equivalent,0.6594251,Match based on Embeddings
http://dbkwik.webdatacommons.org/starwars.wikia.com/resource/Dia,http://dbkwik.webdatacommons.org/swtor.wikia.com/resource/Dia,equivalent,0.6672503,Match based on Embeddings
http://dbkwik.webdatacommons.org/starwars.wikia.com/property/terrain,http://dbkwik.webdatacommons.org/swtor.wikia.com/property/terrain,equivalent,0.66373855,Match based on Embeddings
http://dbkwik.webdatacommons.org/starwars.wikia.com/resource/Servant_One,http://dbkwik.webdatacommons.org/swtor.wikia.com/resource/Servant_One,equivalent,0.67363733,Match based on Embeddings
http://dbkwik.webdatacommons.org/starwars.wikia.com/resource/Darth_Arctis,http://dbkwik.webdatacommons.org/swtor.wikia.com/resource/Darth_Arctis,equivalent,0.68393993,Match based on Embeddings
http://dbkwik.webdatacommons.org/starwars.wikia.com/resource/Lotek%27k,http://dbkwik.webdatacommons.org/swtor.wikia.com/resource/Darth_Malak,equivalent,0.6009,"The similarity score is high, and the context of both classes suggests that they are equivalent. Darth Malak is a Sith Lord in the Star Wars universe, and Lotek'k is a Sith Lord in the Star Wars universe as well. The semantic fit between the contexts is strong, making this the best match."
http://dbkwik.webdatacommons.org/starwars.wikia.com/resource/Mavrix_Varad,http://dbkwik.webdatacommons.org/swtor.wikia.com/resource/Mavrix_Varad,equivalent,0.66505796,Match based on Embeddings
http://dbkwik.webdatacommons.org/starwars.wikia.com/resource/Ako_Domi,http://dbkwik.webdatacommons.org/swtor.wikia.com/resource/Ako_Domi,equivalent,0.66206163,Match based on Embeddings
http://dbkwik.webdatacommons.org/starwars.wikia.com/resource/FT-5A_Honor_Guard,http://dbkwik.webdatacommons.org/swtor.wikia.com/resource/FT-5A_Honor_Guard,equivalent,0.679229,Match based on Embeddings
http://dbkwik.webdatacommons.org/starwars.wikia.com/resource/Casus_Sandral,http://dbkwik.webdatacommons.org/swtor.wikia.com/resource/Casus_Sandral,equivalent,0.66608506,Match based on Embeddings
http://dbkwik.webdatacommons.org/starwars.wikia.com/resource/Unidentified_female_Jedi_(Atton_Rand),http://dbkwik.webdatacommons.org/swtor.wikia.com/resource/Unidentified_female_Jedi_(Atton_Rand),equivalent,0.6917939,Match based on Embeddings
http://dbkwik.webdatacommons.org/starwars.wikia.com/resource/Infinite_Empire,http://dbkwik.webdatacommons.org/swtor.wikia.com/resource/Infinite_Empire,equivalent,0.6756636,Match based on Embeddings
http://dbkwik.webdatacommons.org/starwars.wikia.com/resource/Wens_Aleusis,http://dbkwik.webdatacommons.org/swtor.wikia.com/resource/Wens_Aleusis,equivalent,0.6720006,Match based on Embeddings
http://dbkwik.webdatacommons.org/starwars.wikia.com/resource/Shar_Dakhan,http://dbkwik.webdatacommons.org/swtor.wikia.com/resource/Shar_Dakhan,equivalent,0.67094284,Match based on Embeddings
http://dbkwik.webdatacommons.org/starwars.wikia.com/resource/Eternal_Fleet,http://dbkwik.webdatacommons.org/swtor.wikia.com/resource/Eternal_Fleet,equivalent,0.6828628,Match based on Embeddings
http://dbkwik.webdatacommons.org/starwars.wikia.com/class/organization,http://dbkwik.webdatacommons.org/swtor.wikia.com/class/organisation,equivalent,0.6316845,Match based on Embeddings
http://dbkwik.webdatacommons.org/starwars.wikia.com/resource/Andor_Vex,http://dbkwik.webdatacommons.org/swtor.wikia.com/resource/Andor_Vex,equivalent,0.6759971,Match based on Embeddings
http://dbkwik.webdatacommons.org/starwars.wikia.com/resource/Nok_Drayen,http://dbkwik.webdatacommons.org/swtor.wikia.com/resource/Nok_Drayen,equivalent,0.6692413,Match based on Embeddings
http://dbkwik.webdatacommons.org/starwars.wikia.com/resource/Cala_Brin,http://dbkwik.webdatacommons.org/swtor.wikia.com/resource/Cala_Brin,equivalent,0.6541829,Match based on Embeddings
http://dbkwik.webdatacommons.org/starwars.wikia.com/property/locations,http://dbkwik.webdatacommons.org/swtor.wikia.com/property/locations,equivalent,0.6570061,Match based on Embeddings
http://dbkwik.webdatacommons.org/starwars.wikia.com/resource/Garnoo,http://dbkwik.webdatacommons.org/swtor.wikia.com/resource/Garnoo,equivalent,0.6581779,Match based on Embeddings
http://dbkwik.webdatacommons.org/starwars.wikia.com/resource/Ascercia,http://dbkwik.webdatacommons.org/swtor.wikia.com/resource/Ascercia,equivalent,0.66881675,Match based on Embeddings
http://dbkwik.webdatacommons.org/starwars.wikia.com/resource/Red-robed_Dark_Jedi,http://dbkwik.webdatacommons.org/swtor.wikia.com/resource/Red-robed_Dark_Jedi,equivalent,0.69006395,Match based on Embeddings
http://dbkwik.webdatacommons.org/starwars.wikia.com/resource/Kubaz/Legends,http://dbkwik.webdatacommons.org/swtor.wikia.com/resource/Kubaz,equivalent,0.6253462,Match based on Embeddings
http://dbkwik.webdatacommons.org/starwars.wikia.com/resource/Order_of_Revan,http://dbkwik.webdatacommons.org/swtor.wikia.com/resource/Order_of_Revan,equivalent,0.68894964,Match based on Embeddings
http://dbkwik.webdatacommons.org/starwars.wikia.com/resource/Naga_Sadow,http://dbkwik.webdatacommons.org/swtor.wikia.com/resource/Naga_Sadow,equivalent,0.6630418,Match based on Embeddings
http://dbkwik.webdatacommons.org/starwars.wikia.com/resource/Eseni,http://dbkwik.webdatacommons.org/swtor.wikia.com/resource/Eseni,equivalent,0.6635705,Match based on Embeddings
http://dbkwik.webdatacommons.org/starwars.wikia.com/resource/Tal_(Jedi),http://dbkwik.webdatacommons.org/swtor.wikia.com/resource/Tal_(Human),equivalent,0.6072095,Match based on Embeddings
http://dbkwik.webdatacommons.org/starwars.wikia.com/resource/Grathan,http://dbkwik.webdatacommons.org/swtor.wikia.com/resource/Grathan,equivalent,0.66709644,Match based on Embeddings
http://dbkwik.webdatacommons.org/starwars.wikia.com/resource/House_Baliss,http://dbkwik.webdatacommons.org/swtor.wikia.com/resource/House_Baliss,equivalent,0.66382056,Match based on Embeddings
http://dbkwik.webdatacommons.org/starwars.wikia.com/resource/Hundred-Year_Darkness,http://dbkwik.webdatacommons.org/swtor.wikia.com/resource/Hundred-Year_Darkness,equivalent,0.67650753,Match based on Embeddings
http://dbkwik.webdatacommons.org/starwars.wikia.com/resource/Darth_Gravus,http://dbkwik.webdatacommons.org/swtor.wikia.com/resource/Darth_Gravus,equivalent,0.6809926,Match based on Embeddings
http://dbkwik.webdatacommons.org/starwars.wikia.com/property/forces,http://dbkwik.webdatacommons.org/swtor.wikia.com/property/forces,equivalent,0.6683275,Match based on Embeddings
http://dbkwik.webdatacommons.org/starwars.wikia.com/resource/Darth_Traya,http://dbkwik.webdatacommons.org/swtor.wikia.com/resource/Darth_Traya,equivalent,0.68142486,Match based on Embeddings
http://dbkwik.webdatacommons.org/starwars.wikia.com/resource/Darth_Xedrix,http://dbkwik.webdatacommons.org/swtor.wikia.com/resource/Darth_Xedrix,equivalent,0.6812966,Match based on Embeddings
http://dbkwik.webdatacommons.org/starwars.wikia.com/resource/3671_BBY,http://dbkwik.webdatacommons.org/swtor.wikia.com/resource/307_BTC,equivalent,0.5145,"The similarity score is high, and the context of both classes suggests they are equivalent. Both classes refer to a specific time period in the Star Wars universe, making them semantically equivalent."
http://dbkwik.webdatacommons.org/starwars.wikia.com/resource/Eternity_Vault,http://dbkwik.webdatacommons.org/swtor.wikia.com/resource/The_Eternity_Vault,equivalent,0.67062825,Match based on Embeddings
http://dbkwik.webdatacommons.org/starwars.wikia.com/resource/Cay_Qel-Droma,http://dbkwik.webdatacommons.org/swtor.wikia.com/resource/Cay_Qel-Droma,equivalent,0.66482157,Match based on Embeddings
http://dbkwik.webdatacommons.org/starwars.wikia.com/resource/Zym,http://dbkwik.webdatacommons.org/swtor.wikia.com/resource/Zym,equivalent,0.6553914,Match based on Embeddings
http://dbkwik.webdatacommons.org/starwars.wikia.com/resource/Arden_Lyn,http://dbkwik.webdatacommons.org/swtor.wikia.com/resource/Arden_Lyn,equivalent,0.66597825,Match based on Embeddings
http://dbkwik.webdatacommons.org/starwars.wikia.com/resource/Karness_Muur,http://dbkwik.webdatacommons.org/swtor.wikia.com/resource/Karness_Muur,equivalent,0.6656306,Match based on Embeddings
http://dbkwik.webdatacommons.org/starwars.wikia.com/resource/Syo_Bakarn,http://dbkwik.webdatacommons.org/swtor.wikia.com/resource/Syo_Bakarn,equivalent,0.66171396,Match based on Embeddings
http://dbkwik.webdatacommons.org/starwars.wikia.com/resource/Freyyr,http://dbkwik.webdatacommons.org/swtor.wikia.com/resource/Freyyr,equivalent,0.670897,Match based on Embeddings
http://dbkwik.webdatacommons.org/starwars.wikia.com/property/affiliation,http://dbkwik.webdatacommons.org/swtor.wikia.com/property/affiliation,equivalent,0.66829103,Match based on Embeddings
http://dbkwik.webdatacommons.org/starwars.wikia.com/resource/Ephran_Zell,http://dbkwik.webdatacommons.org/swtor.wikia.com/resource/Ephran_Zell,equivalent,0.65839297,Match based on Embeddings
http://dbkwik.webdatacommons.org/starwars.wikia.com/resource/Seviss_Vaa,http://dbkwik.webdatacommons.org/swtor.wikia.com/resource/Seviss_Vaa,equivalent,0.6697525,Match based on Embeddings
http://dbkwik.webdatacommons.org/starwars.wikia.com/resource/PT-7_starfighter,http://dbkwik.webdatacommons.org/swtor.wikia.com/resource/PT-7_starfighter,equivalent,0.68752605,Match based on Embeddings
http://dbkwik.webdatacommons.org/starwars.wikia.com/resource/Jerridan,http://dbkwik.webdatacommons.org/swtor.wikia.com/resource/Jerridan,equivalent,0.671841,Match based on Embeddings
http://dbkwik.webdatacommons.org/starwars.wikia.com/resource/Shayoto,http://dbkwik.webdatacommons.org/swtor.wikia.com/resource/Shayoto,equivalent,0.6670347,Match based on Embeddings
http://dbkwik.webdatacommons.org/starwars.wikia.com/resource/Sli%27Lon_Tahar,http://dbkwik.webdatacommons.org/swtor.wikia.com/resource/Sli%27Lon_Tahar,equivalent,0.66747713,Match based on Embeddings
http://dbkwik.webdatacommons.org/starwars.wikia.com/resource/Mother_(Rakatan_entity),http://dbkwik.webdatacommons.org/swtor.wikia.com/resource/Mother,equivalent,0.62817377,Match based on Embeddings
http://dbkwik.webdatacommons.org/starwars.wikia.com/resource/Star_Saber_XC-01_starfighter,http://dbkwik.webdatacommons.org/swtor.wikia.com/resource/Star_Saber_XC-01_starfighter,equivalent,0.6887383,Match based on Embeddings
http://dbkwik.webdatacommons.org/starwars.wikia.com/resource/Yozusk,http://dbkwik.webdatacommons.org/swtor.wikia.com/resource/Yozusk,equivalent,0.6594167,Match based on Embeddings
http://dbkwik.webdatacommons.org/starwars.wikia.com/resource/Vima_Sunrider,http://dbkwik.webdatacommons.org/swtor.wikia.com/resource/Vima_Sunrider,equivalent,0.6707654,Match based on Embeddings
http://dbkwik.webdatacommons.org/starwars.wikia.com/resource/Blyes,http://dbkwik.webdatacommons.org/swtor.wikia.com/resource/Blyes,equivalent,0.66145384,Match based on Embeddings
http://dbkwik.webdatacommons.org/starwars.wikia.com/resource/Marcus_Trant,http://dbkwik.webdatacommons.org/swtor.wikia.com/resource/Marcus_Trant,equivalent,0.6595487,Match based on Embeddings
http://dbkwik.webdatacommons.org/starwars.wikia.com/resource/Uthar_Wynn,http://dbkwik.webdatacommons.org/swtor.wikia.com/resource/Uthar_Wynn,equivalent,0.6654813,Match based on Embeddings
http://dbkwik.webdatacommons.org/starwars.wikia.com/resource/BT-7_Thunderclap,http://dbkwik.webdatacommons.org/swtor.wikia.com/resource/BT-7_Thunderclap,equivalent,0.67198807,Match based on Embeddings
http://dbkwik.webdatacommons.org/starwars.wikia.com/resource/Samara_Mindak,http://dbkwik.webdatacommons.org/swtor.wikia.com/resource/Samara_Mindak,equivalent,0.66188437,Match based on Embeddings
http://dbkwik.webdatacommons.org/starwars.wikia.com/resource/Vander,http://dbkwik.webdatacommons.org/swtor.wikia.com/resource/Vander,equivalent,0.66422635,Match based on Embeddings
http://dbkwik.webdatacommons.org/starwars.wikia.com/resource/Sadic,http://dbkwik.webdatacommons.org/swtor.wikia.com/resource/Sadic,equivalent,0.6661729,Match based on Embeddings
http://dbkwik.webdatacommons.org/starwars.wikia.com/property/death,http://dbkwik.webdatacommons.org/swtor.wikia.com/property/died,equivalent,0.6024725,Match based on Embeddings
http://dbkwik.webdatacommons.org/starwars.wikia.com/resource/Meetra_Surik,http://dbkwik.webdatacommons.org/swtor.wikia.com/resource/Meetra_Surik,equivalent,0.6673231,Match based on Embeddings
http://dbkwik.webdatacommons.org/starwars.wikia.com/property/location,http://dbkwik.webdatacommons.org/swtor.wikia.com/property/location,equivalent,0.6530301,Match based on Embeddings
http://dbkwik.webdatacommons.org/starwars.wikia.com/resource/Nidaljo,http://dbkwik.webdatacommons.org/swtor.wikia.com/resource/Nidaljo,equivalent,0.6656551,Match based on Embeddings
http://dbkwik.webdatacommons.org/starwars.wikia.com/property/title,http://dbkwik.webdatacommons.org/swtor.wikia.com/property/title,equivalent,0.66406876,Match based on Embeddings
http://dbkwik.webdatacommons.org/starwars.wikia.com/property/passengers,http://dbkwik.webdatacommons.org/swtor.wikia.com/property/passengers,equivalent,0.6691943,Match based on Embeddings
http://dbkwik.webdatacommons.org/starwars.wikia.com/resource/Ryvus,http://dbkwik.webdatacommons.org/swtor.wikia.com/resource/Lord_Ryvus,equivalent,0.6245794,Match based on Embeddings
http://dbkwik.webdatacommons.org/starwars.wikia.com/resource/Eradicus,http://dbkwik.webdatacommons.org/swtor.wikia.com/resource/Eradicus,equivalent,0.66784173,Match based on Embeddings
http://dbkwik.webdatacommons.org/starwars.wikia.com/resource/Clan_Ordo,http://dbkwik.webdatacommons.org/swtor.wikia.com/resource/Clan_Ordo,equivalent,0.6729538,Match based on Embeddings
http://dbkwik.webdatacommons.org/starwars.wikia.com/resource/Kolvin,http://dbkwik.webdatacommons.org/swtor.wikia.com/resource/Kolvin,equivalent,0.6640972,Match based on Embeddings
http://dbkwik.webdatacommons.org/starwars.wikia.com/resource/Vulta_Daanat,http://dbkwik.webdatacommons.org/swtor.wikia.com/resource/Vulta_Daanat,equivalent,0.6611599,Match based on Embeddings
http://dbkwik.webdatacommons.org/starwars.wikia.com/resource/Kaleesh,http://dbkwik.webdatacommons.org/swtor.wikia.com/resource/Kaleesh,equivalent,0.6627668,Match based on Embeddings
http://dbkwik.webdatacommons.org/starwars.wikia.com/resource/Rhigoth,http://dbkwik.webdatacommons.org/swtor.wikia.com/resource/Rhigoth,equivalent,0.6594477,Match based on Embeddings
http://dbkwik.webdatacommons.org/starwars.wikia.com/resource/Pit_Rauhut,http://dbkwik.webdatacommons.org/swtor.wikia.com/resource/Pit_Rauhut,equivalent,0.65964,Match based on Embeddings
http://dbkwik.webdatacommons.org/starwars.wikia.com/resource/Tala-Reh,http://dbkwik.webdatacommons.org/swtor.wikia.com/resource/Tala-Reh,equivalent,0.66372335,Match based on Embeddings
http://dbkwik.webdatacommons.org/starwars.wikia.com/resource/Bulga,http://dbkwik.webdatacommons.org/swtor.wikia.com/resource/Bulga,equivalent,0.65915036,Match based on Embeddings
http://dbkwik.webdatacommons.org/starwars.wikia.com/resource/Clan_Beroya,http://dbkwik.webdatacommons.org/swtor.wikia.com/resource/Clan_Beroya,equivalent,0.6707945,Match based on Embeddings
http://dbkwik.webdatacommons.org/starwars.wikia.com/resource/Neo-Crusader_Q-Carrier,http://dbkwik.webdatacommons.org/swtor.wikia.com/resource/Q-class_carrier,equivalent,0.61703014,Match based on Embeddings
http://dbkwik.webdatacommons.org/starwars.wikia.com/resource/The_Imprisoned_One,http://dbkwik.webdatacommons.org/swtor.wikia.com/resource/The_Imprisoned_One,equivalent,0.6688551,Match based on Embeddings
http://dbkwik.webdatacommons.org/starwars.wikia.com/resource/Imperial_Navy_(Sith_Empire),http://dbkwik.webdatacommons.org/swtor.wikia.com/resource/Imperial_Navy,equivalent,0.6380765,Match based on Embeddings
http://dbkwik.webdatacommons.org/starwars.wikia.com/resource/Pollus_Avesta,http://dbkwik.webdatacommons.org/swtor.wikia.com/resource/Pollus_Avesta,equivalent,0.66400445,Match based on Embeddings
http://dbkwik.webdatacommons.org/starwars.wikia.com/resource/Darth_Arkous,http://dbkwik.webdatacommons.org/swtor.wikia.com/resource/Darth_Arkous,equivalent,0.6854552,Match based on Embeddings
http://dbkwik.webdatacommons.org/starwars.wikia.com/resource/Darth_Igrol,http://dbkwik.webdatacommons.org/swtor.wikia.com/resource/Darth_Igrol,equivalent,0.68107843,Match based on Embeddings
http://dbkwik.webdatacommons.org/starwars.wikia.com/resource/Avitla,http://dbkwik.webdatacommons.org/swtor.wikia.com/resource/Avitla,equivalent,0.6578557,Match based on Embeddings
http://dbkwik.webdatacommons.org/starwars.wikia.com/resource/Darth_Ekkage,http://dbkwik.webdatacommons.org/swtor.wikia.com/resource/Darth_Ekkage,equivalent,0.6784115,Match based on Embeddings
http://dbkwik.webdatacommons.org/starwars.wikia.com/resource/Lien-Tsai_Qel-Droma,http://dbkwik.webdatacommons.org/swtor.wikia.com/resource/Lien-Tsai_Qel-Droma,equivalent,0.6620802,Match based on Embeddings
http://dbkwik.webdatacommons.org/starwars.wikia.com/resource/Bormu,http://dbkwik.webdatacommons.org/swtor.wikia.com/resource/Bormu,equivalent,0.6540071,Match based on Embeddings
http://dbkwik.webdatacommons.org/starwars.wikia.com/resource/Rajivari,http://dbkwik.webdatacommons.org/swtor.wikia.com/resource/Rajivari,equivalent,0.6715206,Match based on Embeddings
http://dbkwik.webdatacommons.org/starwars.wikia.com/resource/Star_Forge,http://dbkwik.webdatacommons.org/swtor.wikia.com/resource/Star_Forge,equivalent,0.6803415,Match based on Embeddings
http://dbkwik.webdatacommons.org/starwars.wikia.com/resource/Darth_Howl,http://dbkwik.webdatacommons.org/swtor.wikia.com/resource/Darth_Howl,equivalent,0.67941266,Match based on Embeddings
http://dbkwik.webdatacommons.org/starwars.wikia.com/resource/Rattataki,http://dbkwik.webdatacommons.org/swtor.wikia.com/resource/Rattataki,equivalent,0.66019344,Match based on Embeddings
http://dbkwik.webdatacommons.org/starwars.wikia.com/resource/Thexan,http://dbkwik.webdatacommons.org/swtor.wikia.com/resource/Thexan,equivalent,0.66537607,Match based on Embeddings
http://dbkwik.webdatacommons.org/starwars.wikia.com/resource/Gilagimar,http://dbkwik.webdatacommons.org/swtor.wikia.com/resource/Gilagimar,equivalent,0.66502684,Match based on Embeddings
http://dbkwik.webdatacommons.org/starwars.wikia.com/resource/Tarnis,http://dbkwik.webdatacommons.org/swtor.wikia.com/resource/Tarnis,equivalent,0.6770368,Match based on Embeddings
http://dbkwik.webdatacommons.org/starwars.wikia.com/resource/Charle_Remmot_Organa,http://dbkwik.webdatacommons.org/swtor.wikia.com/resource/Duke_Charle_Organa,equivalent,0.61154693,Match based on Embeddings
http://dbkwik.webdatacommons.org/starwars.wikia.com/resource/Oss_Wilum,http://dbkwik.webdatacommons.org/swtor.wikia.com/resource/Oss_Wilum,equivalent,0.6667161,Match based on Embeddings
http://dbkwik.webdatacommons.org/starwars.wikia.com/resource/Esh-kha,http://dbkwik.webdatacommons.org/swtor.wikia.com/resource/Esh-kha,equivalent,0.65994936,Match based on Embeddings
http://dbkwik.webdatacommons.org/starwars.wikia.com/resource/Subject_Alpha,http://dbkwik.webdatacommons.org/swtor.wikia.com/resource/Subject_Alpha,equivalent,0.6760423,Match based on Embeddings
http://dbkwik.webdatacommons.org/starwars.wikia.com/resource/Jonkan,http://dbkwik.webdatacommons.org/swtor.wikia.com/resource/Jonkan,equivalent,0.66251564,Match based on Embeddings
http://dbkwik.webdatacommons.org/starwars.wikia.com/resource/Seferiss,http://dbkwik.webdatacommons.org/swtor.wikia.com/resource/Seferiss,equivalent,0.6641037,Match based on Embeddings
http://dbkwik.webdatacommons.org/starwars.wikia.com/resource/Operative,http://dbkwik.webdatacommons.org/swtor.wikia.com/resource/Operative,equivalent,0.679371,Match based on Embeddings
http://dbkwik.webdatacommons.org/starwars.wikia.com/resource/Grand_Master/Legends,http://dbkwik.webdatacommons.org/swtor.wikia.com/resource/Grand_Master,equivalent,0.6366575,Match based on Embeddings
http://dbkwik.webdatacommons.org/starwars.wikia.com/resource/Cassus_Fett,http://dbkwik.webdatacommons.org/swtor.wikia.com/resource/Cassus_Fett,equivalent,0.6874464,Match based on Embeddings
http://dbkwik.webdatacommons.org/starwars.wikia.com/resource/Gezda,http://dbkwik.webdatacommons.org/swtor.wikia.com/resource/Gezda,equivalent,0.6649598,Match based on Embeddings
http://dbkwik.webdatacommons.org/starwars.wikia.com/resource/Vederiat_Ayon,http://dbkwik.webdatacommons.org/swtor.wikia.com/resource/Vederiat_Ayon,equivalent,0.6615319,Match based on Embeddings
http://dbkwik.webdatacommons.org/starwars.wikia.com/resource/Tasiele_Shan,http://dbkwik.webdatacommons.org/swtor.wikia.com/resource/Tasiele_Shan,equivalent,0.6684626,Match based on Embeddings
http://dbkwik.webdatacommons.org/starwars.wikia.com/resource/Barabbula,http://dbkwik.webdatacommons.org/swtor.wikia.com/resource/Barabbula,equivalent,0.66094255,Match based on Embeddings
http://dbkwik.webdatacommons.org/starwars.wikia.com/class/location,http://dbkwik.webdatacommons.org/swtor.wikia.com/class/location,equivalent,0.6518421,Match based on Embeddings
http://dbkwik.webdatacommons.org/starwars.wikia.com/resource/Jedi_Sentinel,http://dbkwik.webdatacommons.org/swtor.wikia.com/resource/Jedi_Sentinel_(title),equivalent,0.64242697,Match based on Embeddings
http://dbkwik.webdatacommons.org/starwars.wikia.com/resource/Jogotha,http://dbkwik.webdatacommons.org/swtor.wikia.com/resource/Jogotha,equivalent,0.6580234,Match based on Embeddings
http://dbkwik.webdatacommons.org/starwars.wikia.com/resource/Unidentified_Jedi_(Varda%27s_killer),http://dbkwik.webdatacommons.org/swtor.wikia.com/resource/Unidentified_Jedi_(Varda%27s_killer),equivalent,0.68647295,Match based on Embeddings
http://dbkwik.webdatacommons.org/starwars.wikia.com/resource/Treaty_of_Coruscant,http://dbkwik.webdatacommons.org/swtor.wikia.com/resource/Treaty_of_Coruscant,equivalent,0.6829684,Match based on Embeddings
http://dbkwik.webdatacommons.org/starwars.wikia.com/resource/Risha_Drayen,http://dbkwik.webdatacommons.org/swtor.wikia.com/resource/Risha,equivalent,0.614093,Match based on Embeddings
http://dbkwik.webdatacommons.org/starwars.wikia.com/resource/Na%27daz,http://dbkwik.webdatacommons.org/swtor.wikia.com/resource/Na%27daz,equivalent,0.653884,Match based on Embeddings
http://dbkwik.webdatacommons.org/starwars.wikia.com/resource/Vorten_Fett,http://dbkwik.webdatacommons.org/swtor.wikia.com/resource/Vorten_Fett,equivalent,0.67925274,Match based on Embeddings
http://dbkwik.webdatacommons.org/starwars.wikia.com/resource/Deris_Panteer,http://dbkwik.webdatacommons.org/swtor.wikia.com/resource/Sir_Deris_Panteer,equivalent,0.64885193,Match based on Embeddings
http://dbkwik.webdatacommons.org/starwars.wikia.com/resource/Ommin%27s_father,http://dbkwik.webdatacommons.org/swtor.wikia.com/resource/Ommin%27s_father,equivalent,0.66643983,Match based on Embeddings
http://dbkwik.webdatacommons.org/starwars.wikia.com/resource/Leeha_Narezz,http://dbkwik.webdatacommons.org/swtor.wikia.com/resource/Leeha_Narezz,equivalent,0.6605907,Match based on Embeddings
http://dbkwik.webdatacommons.org/starwars.wikia.com/resource/Virus_(Kaleesh),http://dbkwik.webdatacommons.org/swtor.wikia.com/resource/The_Virus,equivalent,0.5949889,Match based on Embeddings
http://dbkwik.webdatacommons.org/starwars.wikia.com/resource/Isric,http://dbkwik.webdatacommons.org/swtor.wikia.com/resource/Isric,equivalent,0.66513056,Match based on Embeddings
http://dbkwik.webdatacommons.org/starwars.wikia.com/property/leader,http://dbkwik.webdatacommons.org/swtor.wikia.com/property/leader,equivalent,0.6709177,Match based on Embeddings
http://dbkwik.webdatacommons.org/starwars.wikia.com/resource/Bantha,http://dbkwik.webdatacommons.org/swtor.wikia.com/resource/Bantha,equivalent,0.66634035,Match based on Embeddings
http://dbkwik.webdatacommons.org/starwars.wikia.com/resource/Zona_Luka,http://dbkwik.webdatacommons.org/swtor.wikia.com/resource/Zona_Luka,equivalent,0.6654294,Match based on Embeddings
http://dbkwik.webdatacommons.org/starwars.wikia.com/resource/Kith_Kark,http://dbkwik.webdatacommons.org/swtor.wikia.com/resource/Kith_Kark,equivalent,0.66581094,Match based on Embeddings
http://dbkwik.webdatacommons.org/starwars.wikia.com/resource/Dewback,http://dbkwik.webdatacommons.org/swtor.wikia.com/resource/Dewback,equivalent,0.6679814,Match based on Embeddings
http://dbkwik.webdatacommons.org/starwars.wikia.com/resource/Form_I/Legends,http://dbkwik.webdatacommons.org/swtor.wikia.com/resource/Darth,related,0.5777,"Although the similarity score is high, the target class 'Darth' is not an exact equivalent of the source class 'Legends'. However, it is a related concept, as Darth is a character in the Star Wars universe, and Legends is a category of stories within that universe. The contextual meaning of the two classes aligns, making 'Darth' a suitable match."
http://dbkwik.webdatacommons.org/starwars.wikia.com/resource/Berethon,http://dbkwik.webdatacommons.org/swtor.wikia.com/resource/Berethon,equivalent,0.66154987,Match based on Embeddings
http://dbkwik.webdatacommons.org/starwars.wikia.com/resource/Dark_Underlord,http://dbkwik.webdatacommons.org/swtor.wikia.com/resource/Dark_Underlord,equivalent,0.6749903,Match based on Embeddings
http://dbkwik.webdatacommons.org/starwars.wikia.com/resource/Vort_Norman,http://dbkwik.webdatacommons.org/swtor.wikia.com/resource/Vort_Norman,equivalent,0.66769814,Match based on Embeddings
http://dbkwik.webdatacommons.org/starwars.wikia.com/resource/Ebon_Hawk,http://dbkwik.webdatacommons.org/swtor.wikia.com/resource/Ebon_Hawk,equivalent,0.6770652,Match based on Embeddings
http://dbkwik.webdatacommons.org/starwars.wikia.com/resource/Man-of-war,http://dbkwik.webdatacommons.org/swtor.wikia.com/resource/Men-O-War,equivalent,0.62590724,Match based on Embeddings
http://dbkwik.webdatacommons.org/starwars.wikia.com/resource/Star_Wars:_Knights_of_the_Old_Republic,http://dbkwik.webdatacommons.org/swtor.wikia.com/resource/Star_Wars:_Knights_of_the_Old_Republic,equivalent,0.6957947,Match based on Embeddings
http://dbkwik.webdatacommons.org/starwars.wikia.com/resource/Deron_Cadoruso,http://dbkwik.webdatacommons.org/swtor.wikia.com/resource/Deron_Cadoruso,equivalent,0.6592947,Match based on Embeddings
http://dbkwik.webdatacommons.org/starwars.wikia.com/property/description,http://dbkwik.webdatacommons.org/swtor.wikia.com/property/description,equivalent,0.6629078,Match based on Embeddings
http://dbkwik.webdatacommons.org/starwars.wikia.com/resource/Jedi_historian,http://dbkwik.webdatacommons.org/swtor.wikia.com/resource/Jedi_historian,equivalent,0.6911343,Match based on Embeddings
http://dbkwik.webdatacommons.org/starwars.wikia.com/resource/Dobe,http://dbkwik.webdatacommons.org/swtor.wikia.com/resource/Dobe,equivalent,0.6652041,Match based on Embeddings
http://dbkwik.webdatacommons.org/starwars.wikia.com/resource/Nomen_Karr,http://dbkwik.webdatacommons.org/swtor.wikia.com/resource/Nomen_Karr,equivalent,0.6696923,Match based on Embeddings
http://dbkwik.webdatacommons.org/starwars.wikia.com/resource/Vodo-Siosk_Baas,http://dbkwik.webdatacommons.org/swtor.wikia.com/resource/Vodo-Siosk_Baas,equivalent,0.66349703,Match based on Embeddings
http://dbkwik.webdatacommons.org/starwars.wikia.com/resource/Narvusin,http://dbkwik.webdatacommons.org/swtor.wikia.com/resource/Narvusin,equivalent,0.6654098,Match based on Embeddings
http://dbkwik.webdatacommons.org/starwars.wikia.com/resource/Teroch-type_gunship,http://dbkwik.webdatacommons.org/swtor.wikia.com/resource/Teroch-type_gunship,equivalent,0.68493545,Match based on Embeddings
http://dbkwik.webdatacommons.org/starwars.wikia.com/resource/Vol_Kolla,http://dbkwik.webdatacommons.org/swtor.wikia.com/resource/Vol_Kolla,equivalent,0.66842884,Match based on Embeddings
http://dbkwik.webdatacommons.org/starwars.wikia.com/resource/Darth_Ikoral,http://dbkwik.webdatacommons.org/swtor.wikia.com/resource/Darth_Ikoral,equivalent,0.6816347,Match based on Embeddings
http://dbkwik.webdatacommons.org/starwars.wikia.com/resource/Laotah,http://dbkwik.webdatacommons.org/swtor.wikia.com/resource/Laotah,equivalent,0.6644752,Match based on Embeddings
http://dbkwik.webdatacommons.org/starwars.wikia.com/resource/Aric_Jorgan,http://dbkwik.webdatacommons.org/swtor.wikia.com/resource/Aric_Jorgan,equivalent,0.6574328,Match based on Embeddings
http://dbkwik.webdatacommons.org/starwars.wikia.com/resource/Arzanon,http://dbkwik.webdatacommons.org/swtor.wikia.com/resource/Arzanon,equivalent,0.6592014,Match based on Embeddings
http://dbkwik.webdatacommons.org/starwars.wikia.com/resource/Primal_Destroyer,http://dbkwik.webdatacommons.org/swtor.wikia.com/resource/The_Primal_Destroyer,equivalent,0.6677213,Match based on Embeddings
http://dbkwik.webdatacommons.org/starwars.wikia.com/resource/Pierce,http://dbkwik.webdatacommons.org/swtor.wikia.com/resource/Pierce,equivalent,0.6612884,Match based on Embeddings
http://dbkwik.webdatacommons.org/starwars.wikia.com/resource/Daybreaker,http://dbkwik.webdatacommons.org/swtor.wikia.com/resource/Daybreaker,equivalent,0.67659944,Match based on Embeddings
http://dbkwik.webdatacommons.org/starwars.wikia.com/resource/Liv%27trai,http://dbkwik.webdatacommons.org/swtor.wikia.com/resource/Liv%27trai,equivalent,0.6525706,Match based on Embeddings
http://dbkwik.webdatacommons.org/starwars.wikia.com/resource/Darth_Arho,http://dbkwik.webdatacommons.org/swtor.wikia.com/resource/Darth_Arho,equivalent,0.6783425,Match based on Embeddings
http://dbkwik.webdatacommons.org/starwars.wikia.com/resource/Lonna_Vash,http://dbkwik.webdatacommons.org/swtor.wikia.com/resource/Lonna_Vash,equivalent,0.6701577,Match based on Embeddings
http://dbkwik.webdatacommons.org/starwars.wikia.com/resource/Darth_Sion,http://dbkwik.webdatacommons.org/swtor.wikia.com/resource/Darth_Sion,equivalent,0.678454,Match based on Embeddings
http://dbkwik.webdatacommons.org/starwars.wikia.com/resource/Nae_Nuuv,http://dbkwik.webdatacommons.org/swtor.wikia.com/resource/Nae_Nuuv,equivalent,0.66411823,Match based on Embeddings
http://dbkwik.webdatacommons.org/starwars.wikia.com/resource/Selia_Antares,http://dbkwik.webdatacommons.org/swtor.wikia.com/resource/Selia_Antares,equivalent,0.667286,Match based on Embeddings
http://dbkwik.webdatacommons.org/starwars.wikia.com/resource/Root,http://dbkwik.webdatacommons.org/swtor.wikia.com/resource/Root,equivalent,0.66019,Match based on Embeddings
http://dbkwik.webdatacommons.org/starwars.wikia.com/resource/Talos_Drellik,http://dbkwik.webdatacommons.org/swtor.wikia.com/resource/Talos_Drellik,equivalent,0.67103195,Match based on Embeddings
http://dbkwik.webdatacommons.org/starwars.wikia.com/resource/Dark_Jedi,http://dbkwik.webdatacommons.org/swtor.wikia.com/resource/Dark_Jedi,equivalent,0.68971634,Match based on Embeddings
http://dbkwik.webdatacommons.org/starwars.wikia.com/resource/Hoth,http://dbkwik.webdatacommons.org/swtor.wikia.com/resource/Hoth,equivalent,0.6797361,Match based on Embeddings
http://dbkwik.webdatacommons.org/starwars.wikia.com/resource/Lahzar,http://dbkwik.webdatacommons.org/swtor.wikia.com/resource/Lahzar,equivalent,0.66649896,Match based on Embeddings
http://dbkwik.webdatacommons.org/starwars.wikia.com/resource/Teepo,http://dbkwik.webdatacommons.org/swtor.wikia.com/resource/Teepo,equivalent,0.6644068,Match based on Embeddings
http://dbkwik.webdatacommons.org/starwars.wikia.com/resource/Guun_Han_Saresh,http://dbkwik.webdatacommons.org/swtor.wikia.com/resource/Guun_Han_Saresh,equivalent,0.6731316,Match based on Embeddings
http://dbkwik.webdatacommons.org/starwars.wikia.com/resource/Bloodgouge,http://dbkwik.webdatacommons.org/swtor.wikia.com/resource/Bloodgouge,equivalent,0.6634057,Match based on Embeddings
http://dbkwik.webdatacommons.org/starwars.wikia.com/resource/Prophet_of_Vodal_Kressh,http://dbkwik.webdatacommons.org/swtor.wikia.com/resource/Prophet_of_Vodal_Kressh,equivalent,0.67395324,Match based on Embeddings
http://dbkwik.webdatacommons.org/starwars.wikia.com/resource/Juran_Mountains/Legends,http://dbkwik.webdatacommons.org/swtor.wikia.com/resource/Juran_Mountains,equivalent,0.62627035,Match based on Embeddings
http://dbkwik.webdatacommons.org/starwars.wikia.com/resource/Marn,http://dbkwik.webdatacommons.org/swtor.wikia.com/resource/Marn,equivalent,0.6599234,Match based on Embeddings
http://dbkwik.webdatacommons.org/starwars.wikia.com/resource/IL-5_Ocula,http://dbkwik.webdatacommons.org/swtor.wikia.com/resource/IL-5_Ocula,equivalent,0.67195004,Match based on Embeddings
http://dbkwik.webdatacommons.org/starwars.wikia.com/resource/Korriban,http://dbkwik.webdatacommons.org/swtor.wikia.com/resource/Korriban,equivalent,0.65751314,Match based on Embeddings
http://dbkwik.webdatacommons.org/starwars.wikia.com/resource/Randor_Mohl,http://dbkwik.webdatacommons.org/swtor.wikia.com/resource/Randor_Mohl,equivalent,0.6549252,Match based on Embeddings
http://dbkwik.webdatacommons.org/starwars.wikia.com/resource/Snowblind,http://dbkwik.webdatacommons.org/swtor.wikia.com/resource/Snowblind,equivalent,0.66271317,Match based on Embeddings
http://dbkwik.webdatacommons.org/starwars.wikia.com/resource/Barel_Ovair,http://dbkwik.webdatacommons.org/swtor.wikia.com/resource/Barel_Ovair,equivalent,0.66511554,Match based on Embeddings
http://dbkwik.webdatacommons.org/starwars.wikia.com/resource/Dree_Vandap,http://dbkwik.webdatacommons.org/swtor.wikia.com/resource/Dree_Vandap,equivalent,0.6611969,Match based on Embeddings
http://dbkwik.webdatacommons.org/starwars.wikia.com/resource/Unidentified_Cathar_Jedi_(Telekinesis),http://dbkwik.webdatacommons.org/swtor.wikia.com/resource/Unidentified_Cathar_Jedi_(Telekinesis),equivalent,0.69028705,Match based on Embeddings
http://dbkwik.webdatacommons.org/starwars.wikia.com/resource/Yuon_Par,http://dbkwik.webdatacommons.org/swtor.wikia.com/resource/Yuon_Par,equivalent,0.6649603,Match based on Embeddings
http://dbkwik.webdatacommons.org/starwars.wikia.com/resource/Kolovish,http://dbkwik.webdatacommons.org/swtor.wikia.com/resource/Kolovish,equivalent,0.66587603,Match based on Embeddings
http://dbkwik.webdatacommons.org/starwars.wikia.com/resource/Rakghoul,http://dbkwik.webdatacommons.org/swtor.wikia.com/resource/Rakghoul,equivalent,0.65869576,Match based on Embeddings
http://dbkwik.webdatacommons.org/starwars.wikia.com/resource/Sarria_Jevad,http://dbkwik.webdatacommons.org/swtor.wikia.com/resource/Sarria_Jevad,equivalent,0.6601957,Match based on Embeddings
http://dbkwik.webdatacommons.org/starwars.wikia.com/resource/Vindican,http://dbkwik.webdatacommons.org/swtor.wikia.com/resource/Vindican,equivalent,0.66820425,Match based on Embeddings
http://dbkwik.webdatacommons.org/starwars.wikia.com/property/skin,http://dbkwik.webdatacommons.org/swtor.wikia.com/property/skin,equivalent,0.6569674,Match based on Embeddings
http://dbkwik.webdatacommons.org/starwars.wikia.com/resource/Darth_Acina,http://dbkwik.webdatacommons.org/swtor.wikia.com/resource/Darth_Acina,equivalent,0.6840409,Match based on Embeddings
http://dbkwik.webdatacommons.org/starwars.wikia.com/resource/Korvus,http://dbkwik.webdatacommons.org/swtor.wikia.com/resource/Doctor_Korvus,equivalent,0.6165453,Match based on Embeddings
http://dbkwik.webdatacommons.org/starwars.wikia.com/resource/Military_rank,http://dbkwik.webdatacommons.org/swtor.wikia.com/resource/Republic_Military_Ranks,equivalent,0.6000403,Match based on Embeddings
http://dbkwik.webdatacommons.org/starwars.wikia.com/resource/Jewl%27a_Nightbringer,http://dbkwik.webdatacommons.org/swtor.wikia.com/resource/Jewl%27a_Nightbringer,equivalent,0.6758594,Match based on Embeddings
http://dbkwik.webdatacommons.org/starwars.wikia.com/resource/Jicoln_Cadera,http://dbkwik.webdatacommons.org/swtor.wikia.com/resource/Jicoln_Cadera,equivalent,0.659692,Match based on Embeddings
http://dbkwik.webdatacommons.org/starwars.wikia.com/resource/Vindir,http://dbkwik.webdatacommons.org/swtor.wikia.com/resource/Vindir,equivalent,0.66804403,Match based on Embeddings
http://dbkwik.webdatacommons.org/starwars.wikia.com/resource/Ooroo,http://dbkwik.webdatacommons.org/swtor.wikia.com/resource/Ooroo,equivalent,0.65974075,Match based on Embeddings
